INSERT INTO public.marketplaces (description,id) VALUES
                                                     ('Amazon Marketplace','amazon'),
                                                     ('eBay Marketplace','ebay'),
                                                     ('Alibaba Marketplace','alibaba'),
                                                     ('Etsy Marketplace','etsy'),
                                                     ('Rakuten Marketplace','rakuten'),
                                                     ('Walmart Marketplace Marketplace','walmart_marketplace'),
                                                     ('Newegg Marketplace','newegg'),
                                                     ('Shopify Marketplace','shopify'),
                                                     ('Flipkart Marketplace','flipkart'),
                                                     ('MercadoLibre Marketplace','mercadolibre');
INSERT INTO public.producers (created_at,id,"name") VALUES
                                                        ('2024-01-28 14:53:15.364821','7d9ad784-d972-4d38-b8a6-d5d81b20c35d','GlobalGoods Inc.'),
                                                        ('2024-01-28 14:53:15.369979','eb7f5fa9-383b-44d6-a203-ea170842490d','GlobalGoods LLC'),
                                                        ('2024-01-28 14:53:15.371024','57db1706-a406-4aea-a268-bc1c92a62827','GlobalGoods Group'),
                                                        ('2024-01-28 14:53:15.371979','56f4a00f-2844-4fba-89db-d0c508d8b556','GlobalGoods Co.'),
                                                        ('2024-01-28 14:53:15.373019','a150d2a4-c6c6-4aef-a97b-749416c28918','GlobalGoods Corp.'),
                                                        ('2024-01-28 14:53:15.374298','c0be3498-e301-49e0-b838-c46926d03d72','GlobalGoods Ltd.'),
                                                        ('2024-01-28 14:53:15.37601','78d3bfae-a058-4729-81ff-bf57e3c16ad0','GlobalGoods Brands'),
                                                        ('2024-01-28 14:53:15.377749','10112b79-176f-4579-a669-9fc1dbc2d1a6','GlobalGoods Partners'),
                                                        ('2024-01-28 14:53:15.378679','ad00993e-d212-4a25-bb70-eac5bb7f2f72','GlobalGoods Studio'),
                                                        ('2024-01-28 14:53:15.379514','2a523d4e-2b29-4678-aa4b-f755bdd2bb11','GlobalGoods Associates');
INSERT INTO public.producers (created_at,id,"name") VALUES
                                                        ('2024-01-28 14:53:15.380484','d98a12bb-7560-4ac4-b60f-1fb77986ce27','GlobalPioneers Inc.'),
                                                        ('2024-01-28 14:53:15.381596','31fb347a-bf9d-4917-a7a3-6bb4132fbd8b','GlobalPioneers LLC'),
                                                        ('2024-01-28 14:53:15.382442','d87446c4-40f5-4dea-81c0-24f06a70b700','GlobalPioneers Group'),
                                                        ('2024-01-28 14:53:15.383224','8913e4d3-c600-4106-a4a2-4b515d2662ae','GlobalPioneers Co.'),
                                                        ('2024-01-28 14:53:15.384282','62b285c3-6444-4e88-aa7b-0dba7563f30a','GlobalPioneers Corp.'),
                                                        ('2024-01-28 14:53:15.385503','be750946-3274-4734-bb4d-d28dab618454','GlobalPioneers Ltd.'),
                                                        ('2024-01-28 14:53:15.386675','c5e22aa2-cea9-4d84-ad42-7ff30aac632f','GlobalPioneers Brands'),
                                                        ('2024-01-28 14:53:15.387375','34fd9c42-ea49-4b68-9cd8-43ec7d0178b8','GlobalPioneers Partners'),
                                                        ('2024-01-28 14:53:15.388148','64351875-dfc4-44f6-8c13-73e03aa89688','GlobalPioneers Studio'),
                                                        ('2024-01-28 14:53:15.389006','135f423c-2c76-490e-bb0d-53995d4fcd43','GlobalPioneers Associates');
INSERT INTO public.producers (created_at,id,"name") VALUES
                                                        ('2024-01-28 14:53:15.390532','9bf2a64b-0e9c-41bd-a4ae-d4f2a79d62c9','GlobalFarms Inc.'),
                                                        ('2024-01-28 14:53:15.391292','d31990e5-2da1-4053-9dc4-2c42f06cd028','GlobalFarms LLC'),
                                                        ('2024-01-28 14:53:15.393079','2ab2d700-3879-4678-8e47-380748de3c3f','GlobalFarms Group'),
                                                        ('2024-01-28 14:53:15.394775','32c1d4fa-1312-4455-901c-788b9577a5b0','GlobalFarms Co.'),
                                                        ('2024-01-28 14:53:15.39562','69572fbf-644b-4747-806a-918e7033450f','GlobalFarms Corp.'),
                                                        ('2024-01-28 14:53:15.396406','8511f8c0-2427-4640-a4f6-b823d63b71a4','GlobalFarms Ltd.'),
                                                        ('2024-01-28 14:53:15.397319','f74c1ee1-6b79-45ba-bab8-b1e5dd3c64fa','GlobalFarms Brands'),
                                                        ('2024-01-28 14:53:15.398168','92cf6308-cc94-430e-96f2-fc1916f30bf3','GlobalFarms Partners'),
                                                        ('2024-01-28 14:53:15.398842','8af3e1b8-427a-4432-8b83-f85b7778f661','GlobalFarms Studio'),
                                                        ('2024-01-28 14:53:15.39976','bf39b3f8-ac93-43b5-92f5-cac527e31bdb','GlobalFarms Associates');
INSERT INTO public.producers (created_at,id,"name") VALUES
                                                        ('2024-01-28 14:53:15.400721','13cee970-71dd-494f-88fc-05c0d37dc5c6','GlobalMasters Inc.'),
                                                        ('2024-01-28 14:53:15.402108','5e70ec64-c8ef-4099-baef-42fc0c01ea5e','GlobalMasters LLC'),
                                                        ('2024-01-28 14:53:15.402982','3bb128fc-380f-4479-9c54-93b213a55db3','GlobalMasters Group'),
                                                        ('2024-01-28 14:53:15.403938','08ade518-9908-4f2b-b8cf-c559c83a4501','GlobalMasters Co.'),
                                                        ('2024-01-28 14:53:15.40485','62ae6595-abc8-4946-8913-d7cef0ff4a0a','GlobalMasters Corp.'),
                                                        ('2024-01-28 14:53:15.405875','94ba8b2a-822c-4936-9be2-5171b41663e8','GlobalMasters Ltd.'),
                                                        ('2024-01-28 14:53:15.406687','2a195924-d82a-4ffe-81c6-efc7665f7739','GlobalMasters Brands'),
                                                        ('2024-01-28 14:53:15.407423','c36a61f3-c1a6-4f9b-a93d-ae759d14d8e9','GlobalMasters Partners'),
                                                        ('2024-01-28 14:53:15.408265','ca3c0cc9-c63c-4dea-8109-9be9247106de','GlobalMasters Studio'),
                                                        ('2024-01-28 14:53:15.410287','bdd5bd68-fda6-4264-a49c-726a8d7ce231','GlobalMasters Associates');
INSERT INTO public.producers (created_at,id,"name") VALUES
                                                        ('2024-01-28 14:53:15.411508','ee87fb44-4559-4d1e-b44c-693d5e955279','GlobalComforts Inc.'),
                                                        ('2024-01-28 14:53:15.412306','b3432cce-dd51-4331-b148-efa9d53fd85b','GlobalComforts LLC'),
                                                        ('2024-01-28 14:53:15.413121','46acbf33-e812-4d81-86cc-fc86b6a5a7fe','GlobalComforts Group'),
                                                        ('2024-01-28 14:53:15.417962','16beefa8-7485-494a-872f-625fc25ce3b9','GlobalComforts Co.'),
                                                        ('2024-01-28 14:53:15.419166','931f4eb7-e416-4d24-bec8-ad2e67fc7c33','GlobalComforts Corp.'),
                                                        ('2024-01-28 14:53:15.419997','ff73fb20-0f51-4db7-ad1f-6611e602d8a9','GlobalComforts Ltd.'),
                                                        ('2024-01-28 14:53:15.421322','5fe66132-7c37-4f29-893e-125272127960','GlobalComforts Brands'),
                                                        ('2024-01-28 14:53:15.422231','ac1baf62-12ef-4c0c-9b60-4aea5b92af9a','GlobalComforts Partners'),
                                                        ('2024-01-28 14:53:15.422892','f030e99c-4795-47a5-b4a9-078e4222d88b','GlobalComforts Studio'),
                                                        ('2024-01-28 14:53:15.423598','3ffe8078-f731-4b62-9484-3d788405b342','GlobalComforts Associates');
INSERT INTO public.producers (created_at,id,"name") VALUES
                                                        ('2024-01-28 14:53:15.424279','dde8ca23-7d0a-43eb-9ae0-8ae3d33ecc8b','GlobalGear Inc.'),
                                                        ('2024-01-28 14:53:15.425432','7362d435-5f09-440f-8ffe-462ef12ee382','GlobalGear LLC'),
                                                        ('2024-01-28 14:53:15.426394','805f5c99-e33d-471b-a648-1eff0d565d22','GlobalGear Group'),
                                                        ('2024-01-28 14:53:15.427058','f343723d-b991-42c1-9c35-1bfb5174bb67','GlobalGear Co.'),
                                                        ('2024-01-28 14:53:15.427993','2bb624e4-ce91-498b-92d6-3db36b0db2e7','GlobalGear Corp.'),
                                                        ('2024-01-28 14:53:15.428778','1fae0ac0-4537-4402-adc3-56c053e42fdf','GlobalGear Ltd.'),
                                                        ('2024-01-28 14:53:15.429443','070ffdc2-1d96-43ef-a470-7b80b6cf0b3f','GlobalGear Brands'),
                                                        ('2024-01-28 14:53:15.430225','f889cf6d-37b3-483a-963f-6a271104a4d8','GlobalGear Partners'),
                                                        ('2024-01-28 14:53:15.431039','b4b61f77-19ee-4708-90ae-0de60ba1b710','GlobalGear Studio'),
                                                        ('2024-01-28 14:53:15.431712','c464ed62-f857-4be5-a08b-bdbe15bf9f5c','GlobalGear Associates');
INSERT INTO public.producers (created_at,id,"name") VALUES
                                                        ('2024-01-28 14:53:15.432549','7eb41994-0ac1-4d87-ad87-01bf4a04761a','GlobalElectronics Inc.'),
                                                        ('2024-01-28 14:53:15.434447','07df9220-fc6a-4448-8be2-4a3a4c7e2dd9','GlobalElectronics LLC'),
                                                        ('2024-01-28 14:53:15.435173','d9fc7ffc-3de1-40a2-8d48-c92419f59fbb','GlobalElectronics Group'),
                                                        ('2024-01-28 14:53:15.435814','05f40c7a-9b52-4956-90d4-c989b2d5c6d9','GlobalElectronics Co.'),
                                                        ('2024-01-28 14:53:15.436463','77287e2b-aad8-4cda-a922-528662df7330','GlobalElectronics Corp.'),
                                                        ('2024-01-28 14:53:15.437196','f2b721c4-d41a-4ea9-979d-1e6dff6a1226','GlobalElectronics Ltd.'),
                                                        ('2024-01-28 14:53:15.437884','13908bb3-f2ab-44d9-83be-6bfaf1bfae0e','GlobalElectronics Brands'),
                                                        ('2024-01-28 14:53:15.438526','a1e8659e-c3dd-4d49-a092-e0290b515218','GlobalElectronics Partners'),
                                                        ('2024-01-28 14:53:15.439144','2029a7b5-3652-4f36-875c-211bfc529320','GlobalElectronics Studio'),
                                                        ('2024-01-28 14:53:15.439753','77cbb7d6-a376-4152-b90b-b3467972b3bf','GlobalElectronics Associates');
INSERT INTO public.producers (created_at,id,"name") VALUES
                                                        ('2024-01-28 14:53:15.440438','02fc1fc5-f8d4-4508-a4d9-79839ed0ad21','GlobalLearners Inc.'),
                                                        ('2024-01-28 14:53:15.441093','189f5d58-d911-46a3-b907-1232a0d93494','GlobalLearners LLC'),
                                                        ('2024-01-28 14:53:15.441666','0eaea868-e3b0-4b8f-940c-e918f19e602a','GlobalLearners Group'),
                                                        ('2024-01-28 14:53:15.442394','b553f5b8-5b37-483d-b4f7-c76e6f55006a','GlobalLearners Co.'),
                                                        ('2024-01-28 14:53:15.443309','9d1369f1-2096-42ba-bf56-d45b8a135f1b','GlobalLearners Corp.'),
                                                        ('2024-01-28 14:53:15.44412','778f9f6c-9a76-4501-be33-c9d38394f4ba','GlobalLearners Ltd.'),
                                                        ('2024-01-28 14:53:15.444753','c0b2ba5d-9edf-474f-be97-a57da55a9adc','GlobalLearners Brands'),
                                                        ('2024-01-28 14:53:15.445435','16d3e57a-740d-47a4-89ec-77842bad6944','GlobalLearners Partners'),
                                                        ('2024-01-28 14:53:15.446081','988d6668-d65b-40fa-97aa-3f1ddfaa99da','GlobalLearners Studio'),
                                                        ('2024-01-28 14:53:15.4467','c03b91c1-022e-4139-8b5b-b7cd536c583a','GlobalLearners Associates');
INSERT INTO public.producers (created_at,id,"name") VALUES
                                                        ('2024-01-28 14:53:15.447388','c4fc2c6f-c1b4-4112-b3a9-b0875235c239','GlobalPharmaceuticals Inc.'),
                                                        ('2024-01-28 14:53:15.447965','a074275a-bfcf-45bf-8895-512dedda385f','GlobalPharmaceuticals LLC'),
                                                        ('2024-01-28 14:53:15.44859','620ea127-0748-4cab-bd3d-2b966977ef69','GlobalPharmaceuticals Group'),
                                                        ('2024-01-28 14:53:15.449195','a37e3ee5-1884-4d41-b6cb-f217dc5ba68e','GlobalPharmaceuticals Co.'),
                                                        ('2024-01-28 14:53:15.449832','4d272bc0-eb7b-45f4-a130-c5585ad080f4','GlobalPharmaceuticals Corp.'),
                                                        ('2024-01-28 14:53:15.450466','f8dd49ff-3cf8-4f8c-ac0e-ee5176a4fb79','GlobalPharmaceuticals Ltd.'),
                                                        ('2024-01-28 14:53:15.451099','a1fe3b41-e9d0-4349-8a8a-2a76aa74c8d5','GlobalPharmaceuticals Brands'),
                                                        ('2024-01-28 14:53:15.451745','ed3c640d-f304-45d6-a233-5629484af84d','GlobalPharmaceuticals Partners'),
                                                        ('2024-01-28 14:53:15.453585','2e7a73cf-c225-4b38-9d37-a2b5a81ceb91','GlobalPharmaceuticals Studio'),
                                                        ('2024-01-28 14:53:15.454263','737b5b32-f9c9-4704-9f70-33b46589211b','GlobalPharmaceuticals Associates');
INSERT INTO public.producers (created_at,id,"name") VALUES
                                                        ('2024-01-28 14:53:15.454894','df892fa6-dc86-4618-92d1-f1c52581cf03','GlobalInnovators Inc.'),
                                                        ('2024-01-28 14:53:15.455542','6d74690f-fe18-44bd-a764-d1d61fcbc9c0','GlobalInnovators LLC'),
                                                        ('2024-01-28 14:53:15.45638','b422b637-d886-4da4-8b0b-edac92526f9c','GlobalInnovators Group'),
                                                        ('2024-01-28 14:53:15.457006','1667d258-9e09-44eb-9243-8b09030687a4','GlobalInnovators Co.'),
                                                        ('2024-01-28 14:53:15.458169','e016e9c9-7596-476d-9ac0-04c4c5b0b3f3','GlobalInnovators Corp.'),
                                                        ('2024-01-28 14:53:15.460577','e7f5984c-21c2-487b-a659-b5c80e21caf9','GlobalInnovators Ltd.'),
                                                        ('2024-01-28 14:53:15.461256','4e502f54-c4c6-4257-bdf3-d69ac49583c7','GlobalInnovators Brands'),
                                                        ('2024-01-28 14:53:15.461831','d6e2547a-c02d-4230-84f9-256bc051ed4d','GlobalInnovators Partners'),
                                                        ('2024-01-28 14:53:15.462386','5ac6cfa6-9463-41e3-88f3-7c63f340e8bd','GlobalInnovators Studio'),
                                                        ('2024-01-28 14:53:15.462949','015aa51c-972c-4003-b75e-61f73cb5302a','GlobalInnovators Associates');
INSERT INTO public.seller_infos (id,"name",url,country,external_id,marketplace_id) VALUES
                                                                                       ('3b8d8580-e47e-4d82-9a51-d09cbc0c91de','Seller_Name_0','http://example-seller-info.com/d44ee4bf-30cb-4cda-bf7a-9c3803be744c','Australia','d4f2376c-e858-458b-9c04-74ac7c16dcc3','mercadolibre'),
                                                                                       ('840f9a08-a028-4b51-8112-239e71f5079c','Seller_Name_1','http://example-seller-info.com/e0426612-2cf7-4278-b836-20349abf9bb7','China','9df74c3a-126c-4eb6-b197-7aa13dcb13f4','mercadolibre'),
                                                                                       ('c27b74ff-34dc-41c3-9826-4a22859392f0','Seller_Name_2','http://example-seller-info.com/74458c3e-1e0e-4e03-becb-77c50a2580af','Australia','8d03b04c-84dc-4ba3-b777-1fb5d2bd058a','alibaba'),
                                                                                       ('40c1313f-9fcc-4944-a92b-4df3d86efc28','Seller_Name_3','http://example-seller-info.com/12c20dd4-33d3-4348-994a-b71fee07aefc','United States','0487e8af-d61d-4701-9782-9b025aa6d987','shopify'),
                                                                                       ('e69d37e5-8c92-4c54-ac5d-dd02e332d5fc','Seller_Name_4','http://example-seller-info.com/2c12c479-f72b-4406-944c-b5a5bb40bd95','Japan','13d96872-33ff-4bd6-bc9e-b63becbfc8ae','walmart_marketplace'),
                                                                                       ('29af94f3-595a-4a7d-b830-5bd41640f7d5','Seller_Name_5','http://example-seller-info.com/80143784-9772-476c-bd8c-113b79685024','Canada','5c9d09bd-fe8d-4077-b6b8-0daad3b29911','newegg'),
                                                                                       ('810b9745-f806-47ee-8d5f-d1ef2f45571e','Seller_Name_6','http://example-seller-info.com/6fbb0157-aa9b-4db3-8b00-f576b090902c','India','0e39f4bf-4b51-477f-9739-49f21c6f4218','walmart_marketplace'),
                                                                                       ('9e77ed56-11c2-4858-bcfe-e124342e25ee','Seller_Name_7','http://example-seller-info.com/91a47bda-bcff-4c2b-a184-26ff977fc5a5','South Africa','63904b6f-fff0-4593-8d42-afbdecd33347','walmart_marketplace'),
                                                                                       ('5adc1ffd-bbb0-41e4-b636-b2aaa94cfdc1','Seller_Name_8','http://example-seller-info.com/eec1757d-04e4-484c-b060-14b07b220192','Japan','e155c9a9-dcf7-4f41-a363-57e2262233df','mercadolibre'),
                                                                                       ('834593b8-8a7f-4952-9df2-7002953f23b8','Seller_Name_9','http://example-seller-info.com/9a9cf6fc-c285-462c-ba8a-f1f8e2e669d0','Brazil','d0e79e15-8558-4b52-84ca-b91ac622e1d6','newegg');
INSERT INTO public.seller_infos (id,"name",url,country,external_id,marketplace_id) VALUES
                                                                                       ('01a0f7ad-24a1-4f29-b47c-91c71fa05338','Seller_Name_10','http://example-seller-info.com/7c7b679f-7af1-42cd-bce9-caa47c8719a5','Japan','1575b561-f355-4ff5-bd16-dcc380107a9a','shopify'),
                                                                                       ('f43afa61-42e4-4e00-b58b-b56535bcf799','Seller_Name_11','http://example-seller-info.com/5365305e-318f-488e-8ab1-096c87efd09b','Germany','b68926c1-d187-4428-8e7a-c399df98ea5d','mercadolibre'),
                                                                                       ('330a03bb-ae6e-43f3-b867-5ab1c8a6a0e2','Seller_Name_12','http://example-seller-info.com/7f249824-cce7-41e8-a802-7e8c55f1b2d3','Japan','a38c87e1-387e-461a-9783-e011c74a352b','walmart_marketplace'),
                                                                                       ('1e98824d-737b-4213-85e8-3bdfac0ea00c','Seller_Name_13','http://example-seller-info.com/4c80e07f-b078-4c84-996b-fe846177f7b0','India','2547196f-5761-4972-96e5-b8463a978090','ebay'),
                                                                                       ('706df6f9-3e29-48e7-a5d2-5dd21db996b1','Seller_Name_14','http://example-seller-info.com/61eda970-431c-4292-9267-3e3376c6b749','Brazil','d55963ee-13da-461b-8bd8-9d2b1897f01c','mercadolibre'),
                                                                                       ('06e8daea-458a-4680-beef-55160bb466a2','Seller_Name_15','http://example-seller-info.com/2449a3ed-d520-4ee9-bd19-f4819c7e2b50','Russia','5201e74f-9a90-4c7e-8dc3-12ad39d8ea48','etsy'),
                                                                                       ('78fed1e9-a6a2-4640-8116-11ed0c03eb38','Seller_Name_16','http://example-seller-info.com/e266464f-8b14-4a01-b9a5-e4fb53c29fa9','China','6e045689-d12f-43ad-bd24-467a0393a5f7','walmart_marketplace'),
                                                                                       ('998505d7-2234-4387-b535-7ee2074e6e62','Seller_Name_17','http://example-seller-info.com/4a1c55ee-f1f5-4525-a2ba-5f17c6471954','France','1cac382b-e2e3-45c7-bd34-4363c642040f','walmart_marketplace'),
                                                                                       ('89f44886-b1db-48dc-aa4b-16ee4e9da4f9','Seller_Name_18','http://example-seller-info.com/bfcc62e6-6651-4240-a7a4-ad33e4000d07','Australia','2e96a474-6809-46ec-b429-02a32b01ee76','rakuten'),
                                                                                       ('3065917a-5d26-4871-bee0-49eb75789288','Seller_Name_19','http://example-seller-info.com/e75a189e-ccfe-4e65-973e-2cb2bc21d97c','Canada','eef7af00-d692-4e36-9443-09854bd5e0da','flipkart');
INSERT INTO public.seller_infos (id,"name",url,country,external_id,marketplace_id) VALUES
                                                                                       ('5fb53985-cd75-407b-81f8-1c79a770905e','Seller_Name_20','http://example-seller-info.com/39c00c11-d509-4e25-ba58-b4f25f9e0308','Australia','d4418917-0505-40f0-909c-dca77fd2907e','shopify'),
                                                                                       ('73530920-7c46-40f6-852a-468d763090b6','Seller_Name_21','http://example-seller-info.com/f831885a-781a-4847-ad4e-1b5f38ef2465','India','80429f65-4de4-48c1-b58d-472bc5638f48','ebay'),
                                                                                       ('8650f40a-3fe0-471d-8cba-5cca650cfe39','Seller_Name_22','http://example-seller-info.com/da8c2454-8207-4090-884d-81ca5d3b2110','United States','dacdc7e5-bcbe-48a4-b6b8-d95d052bec50','etsy'),
                                                                                       ('7ba88171-8048-4581-9f4b-cc777ac9394f','Seller_Name_23','http://example-seller-info.com/9ed74356-6963-48fb-aad0-ac05e1cee351','South Africa','de237e08-bb4e-4ab4-89af-e0a1ff358bf8','walmart_marketplace'),
                                                                                       ('8986283d-b28d-49b5-9e11-c823c821aeac','Seller_Name_24','http://example-seller-info.com/8ebf999b-56de-4b1b-b80e-3fb0647ce53f','South Africa','0446263d-cf14-429b-9107-e58be1af1a2a','ebay'),
                                                                                       ('a5bc9fc3-dc03-4963-8cd9-fdce688246d3','Seller_Name_25','http://example-seller-info.com/f775d787-1961-4a42-9125-42823ab400fc','Japan','708b525b-0e3d-4d9e-8038-6a8ccab172fe','amazon'),
                                                                                       ('a3074b42-b554-446c-82c6-4ac628fb227a','Seller_Name_26','http://example-seller-info.com/0b86554f-fb8e-48eb-a13e-a615b100eafc','France','89964624-474a-43df-978c-667a2db41d99','rakuten'),
                                                                                       ('163ceff4-126f-44b9-bb0b-e141c293c45b','Seller_Name_27','http://example-seller-info.com/0d708ccb-48f5-43cf-9759-923cae2e5a06','India','f8702a9c-f91b-41ce-a68f-2962ad1d3716','alibaba'),
                                                                                       ('4ae1e261-581c-4142-ac58-b318c5aa8fc6','Seller_Name_28','http://example-seller-info.com/374a0321-a902-4fbd-8ed4-a3b68c39e239','Germany','fe4366e0-0dc3-46ac-9ba3-f51edeb36d30','shopify'),
                                                                                       ('f901a0d3-d6c8-4ea5-89d7-6959c2253122','Seller_Name_29','http://example-seller-info.com/219fee3c-0f37-4343-84c7-ea18d7064fe4','China','d3d63236-0e44-4cce-b3f1-ed565a3aa962','amazon');
INSERT INTO public.seller_infos (id,"name",url,country,external_id,marketplace_id) VALUES
                                                                                       ('ac7df743-829d-48de-b242-5f7c06c0f40a','Seller_Name_30','http://example-seller-info.com/9a162035-2646-481f-a295-f074e8008e44','Mexico','92e47440-becd-4f39-a685-6099073e2147','etsy'),
                                                                                       ('5e628a49-5865-411a-80ed-1dc8c4ea66aa','Seller_Name_31','http://example-seller-info.com/644fc9df-f055-4f2e-8800-621324730bed','France','e7b91319-8fbc-42bd-85bd-85275bc72848','amazon'),
                                                                                       ('4f824209-d350-4102-82bf-ee04b876478c','Seller_Name_32','http://example-seller-info.com/d979ba26-1d42-42a1-b9bf-696232f452f7','Mexico','063cf768-aeae-4290-ac62-2480ded4b3ef','amazon'),
                                                                                       ('6cc5f17a-2d89-4536-b825-dd9aec4283bd','Seller_Name_33','http://example-seller-info.com/d539ac80-99a9-4912-911c-fca4a9dd9f75','Brazil','81b2eff5-e32c-4606-a627-f5644a8da056','amazon'),
                                                                                       ('38a9dcf7-2f10-41bb-ba9e-2e38d67163ff','Seller_Name_34','http://example-seller-info.com/7a4e27e1-a877-4bc2-a964-5cfe8d3e8b79','Italy','e16fb7a5-7d76-4a1f-9360-cee78b6b541b','ebay'),
                                                                                       ('8aefdfe4-8ba5-428a-aee0-290a3ba794a6','Seller_Name_35','http://example-seller-info.com/4b2cdca0-140a-40b5-abc1-176f014180b4','Australia','63ced592-5bdc-4288-abf6-086d6b31c4cd','rakuten'),
                                                                                       ('fd2c657e-151e-41be-bfa2-ec18bcca03d9','Seller_Name_36','http://example-seller-info.com/739d8eaa-ce95-462f-96c9-fc13336751fc','Canada','7427a7dd-0856-4487-82a8-17d433a7d848','shopify'),
                                                                                       ('b64f59c8-4d6f-481f-9c4d-d793f00673a1','Seller_Name_37','http://example-seller-info.com/99395900-ffb8-4d3c-b4ca-981adcb3cf63','Canada','717b13f6-53d4-421a-ad1b-6dc0f3003c6e','walmart_marketplace'),
                                                                                       ('01a5647d-630c-4a41-a5bb-d722bade2c55','Seller_Name_38','http://example-seller-info.com/46b6b74a-2f42-4847-85ed-d4f3ff76ab88','South Africa','838fe444-98e4-4b25-984b-f5e7125ab278','shopify'),
                                                                                       ('b6b3a0b0-758c-43fc-b6f7-efadcc1addfc','Seller_Name_39','http://example-seller-info.com/208f80b3-75eb-458e-94b8-1f2aa2ef7892','Germany','f03f3cc8-9a2a-46db-a75a-315d87a71f7d','rakuten');
INSERT INTO public.seller_infos (id,"name",url,country,external_id,marketplace_id) VALUES
                                                                                       ('c0a9722a-5e66-4f01-a041-e853c037fbd0','Seller_Name_40','http://example-seller-info.com/83653811-caeb-4ea0-acad-6255d6cefd81','Germany','a73cc9f0-15fc-4474-aa3c-7a7404dd1e69','rakuten'),
                                                                                       ('5869f35f-542e-44ea-945a-6018d88a7e7d','Seller_Name_41','http://example-seller-info.com/a644b687-b10c-496a-b25b-fd6cc09c3894','India','8b8d5cf4-efbd-4ad8-a8fe-705691e9fec5','flipkart'),
                                                                                       ('9d681c38-8732-4f70-814e-45f650e0186d','Seller_Name_42','http://example-seller-info.com/dfc4b7a9-7120-4018-b55e-d3a9d7ff64e5','China','d499beea-21a0-4d83-952c-282126bfcb79','amazon'),
                                                                                       ('6e822d31-d701-41b8-ae37-b6525585461c','Seller_Name_43','http://example-seller-info.com/2e48efc7-f3bf-4a54-84ec-fd5360269f8f','Germany','18bf1583-5a5d-48ea-8264-281f489cec22','flipkart'),
                                                                                       ('aaafd1d7-9895-4cde-89d1-0f059a201b17','Seller_Name_44','http://example-seller-info.com/e3372c61-3374-402e-b61a-01ef466c76e3','China','eacc4f48-3a0b-40a9-a499-e70ea586dd67','etsy'),
                                                                                       ('96ec1527-4e13-4ea1-98de-5548824b2a47','Seller_Name_45','http://example-seller-info.com/51a57095-dd5e-41a1-9b2d-52ca4a55abc5','South Korea','d7106b4d-eb7e-45e3-a813-e00555c4be1d','ebay'),
                                                                                       ('e7f51b14-2f4d-4fc4-8b00-3c3aface2859','Seller_Name_46','http://example-seller-info.com/d3614ba9-2433-4aae-80a8-78e664931102','India','6575846e-b6a0-460d-8eb1-127369164aa9','amazon'),
                                                                                       ('288eceb2-0b67-44a2-be4b-1ede7fcf3c2c','Seller_Name_47','http://example-seller-info.com/0a926282-214a-4197-a679-03e9ffba8afd','Russia','1056e765-a533-4e5f-b02d-f3008f5e281e','etsy'),
                                                                                       ('190605c1-e361-436a-b434-52d6c3751baa','Seller_Name_48','http://example-seller-info.com/2b853703-a4d7-4f86-abd6-c0ec53d51d4e','China','7edab648-86ec-470c-acb7-640fbdfdca4e','newegg'),
                                                                                       ('da6300b8-6663-469c-b9d8-27bc230139a8','Seller_Name_49','http://example-seller-info.com/81d5432e-c0eb-47ac-a45b-b9d992cee2e0','Australia','cedaf1fb-474c-480c-8277-a711db2ccdc0','walmart_marketplace');
INSERT INTO public.seller_infos (id,"name",url,country,external_id,marketplace_id) VALUES
                                                                                       ('532a802b-059f-480b-ace3-466e6b6beb4f','Seller_Name_50','http://example-seller-info.com/c0c9d03e-2ff4-49dd-8f95-751dc221a51c','Russia','0cdc37cc-20d7-48fb-a371-ffccbf270abe','ebay'),
                                                                                       ('f1c5e98d-f068-4e8a-8ff1-c347c2ddcdc0','Seller_Name_51','http://example-seller-info.com/7ff5ca05-a186-48b6-9e2a-531e55860f40','Mexico','e394b1f3-fa82-4a21-be41-95e7c06ad495','mercadolibre'),
                                                                                       ('5d828765-a6f4-411f-b013-4c596b5d2596','Seller_Name_52','http://example-seller-info.com/f7394eab-6e3b-43e0-ac8d-3cc9fe3805ad','France','8dd83551-cfd2-4914-9593-f217adf2d43a','amazon'),
                                                                                       ('b23c8b9e-7606-40b8-bddf-62163c6f30bb','Seller_Name_53','http://example-seller-info.com/5ca600da-7142-4ed7-98c1-513d38b5e5f3','Spain','8cbe2e6b-2407-4e04-a3cd-c79801425a29','walmart_marketplace'),
                                                                                       ('0d337408-63f2-4983-baaf-cd6117ade224','Seller_Name_54','http://example-seller-info.com/0dce7c30-1eef-4717-aaa6-a7da95f6080d','France','84e819b9-b6e0-4215-b865-6c5b8f9bc5d1','alibaba'),
                                                                                       ('8ee98aa6-3481-45ab-bf0d-ff8f7ad39147','Seller_Name_55','http://example-seller-info.com/5b36167b-98a2-4b17-8991-68c03722925c','Russia','347e0588-7a97-469f-bd9e-65460484b3d0','mercadolibre'),
                                                                                       ('7d3a8e35-bdbf-44d1-8743-fcd3cd806369','Seller_Name_56','http://example-seller-info.com/c8b46e42-b41c-4b37-a693-7dde5359d377','Mexico','f7ff93b5-b0fd-4ec7-ac2d-8bde74cea8e8','walmart_marketplace'),
                                                                                       ('84832721-47b4-4a70-b53d-3869519cbed1','Seller_Name_57','http://example-seller-info.com/0f9bdc22-6290-48fb-9cab-fe042787e632','South Korea','dac61674-9bf2-43b0-b02f-0789be3fd4e2','etsy'),
                                                                                       ('4357cfce-cf13-4abd-967c-e7ce26aa83b3','Seller_Name_58','http://example-seller-info.com/6cea8019-3df4-423a-ac89-f9e62ce66eeb','France','ec36be81-e594-4114-bb71-b59ec0552acb','newegg'),
                                                                                       ('af60e534-94af-4b3f-9652-ee060330c60a','Seller_Name_59','http://example-seller-info.com/2b2b3f7c-d112-47c5-82be-3b8690694606','Italy','5d7c1dba-9448-4826-b45a-438bb22dd541','flipkart');
INSERT INTO public.seller_infos (id,"name",url,country,external_id,marketplace_id) VALUES
                                                                                       ('ac7ba6dd-5800-4354-a8b2-8751e29e9612','Seller_Name_60','http://example-seller-info.com/572e5ed5-9ab1-4fe8-ae25-7af4511769fd','Mexico','ec2b6850-b178-4c67-9622-a532f3826100','mercadolibre'),
                                                                                       ('3c448daa-e07b-47ec-8dd0-da92db606cb4','Seller_Name_61','http://example-seller-info.com/6c84fc53-3a8b-4b72-9cc1-8b3f5569e52e','Russia','58c45dc9-c8f6-4aba-8d13-5b38f0d9a7c1','etsy'),
                                                                                       ('8add6c1c-8299-4c91-8cf6-f6350ba94b74','Seller_Name_62','http://example-seller-info.com/cc25f0c0-68f3-4ab4-9b70-53cca5b36d39','France','fba93f0b-2518-4f88-a511-1efcc7251419','rakuten'),
                                                                                       ('6b36fbee-d028-403f-9a13-eac24e2d10c4','Seller_Name_63','http://example-seller-info.com/8b4a11f6-83bc-463f-a3a0-a431b8eb1735','France','7c6e59aa-9203-47c4-9c03-d9c03a0c31d6','flipkart'),
                                                                                       ('9a9b338e-73e5-4513-a919-0aee1ffd5b14','Seller_Name_64','http://example-seller-info.com/95ac0628-2393-4f2c-8d64-84590a83ff4e','United States','16768a30-05b7-4db4-9c96-43c2f1bcc84c','mercadolibre'),
                                                                                       ('b2800771-0a0c-43e5-b447-5d34db78f9f9','Seller_Name_65','http://example-seller-info.com/1122204a-5d58-4f68-9c4f-f981844e01cf','China','35962a3a-7a22-4edf-9480-e5c11e3c3bf0','newegg'),
                                                                                       ('27d25059-47d6-4f07-9a80-891314efecad','Seller_Name_66','http://example-seller-info.com/4009046a-0735-444f-ae33-259d0f95b7dd','Spain','2eb86ee2-9fd8-4aed-af51-91ca8dd09983','amazon'),
                                                                                       ('b0221bdb-b625-4db2-8d55-468e3413af83','Seller_Name_67','http://example-seller-info.com/3e4c0ac0-8b3f-4228-bf69-3b084875d542','India','b21569fd-de98-4f64-97c7-9718274d6fd5','rakuten'),
                                                                                       ('304cce6a-025c-4af5-9d77-f68e1e02a6b0','Seller_Name_68','http://example-seller-info.com/f31a3d32-ae4d-45a5-8fb3-a1091636544c','United States','bd1db084-d7f3-4078-bc50-d7ec8ece9a34','etsy'),
                                                                                       ('968996ad-4f89-43e3-94c5-1dfd9dc7c167','Seller_Name_69','http://example-seller-info.com/874cd842-53a8-45d3-9d41-9c442d0876f0','Canada','67955dfa-dd10-4053-b542-78fb17aaaf87','walmart_marketplace');
INSERT INTO public.seller_infos (id,"name",url,country,external_id,marketplace_id) VALUES
                                                                                       ('06c5f820-659b-4a2a-8961-6e6c4dff9d99','Seller_Name_70','http://example-seller-info.com/fbc52260-dc53-4bc9-9d6b-47aeb3d8224f','Canada','f72447e4-6f5a-4038-bdeb-db75d8a1663c','alibaba'),
                                                                                       ('ed8f8c1d-9984-438a-877d-b34d67769506','Seller_Name_71','http://example-seller-info.com/c9e96c8c-cc44-43d3-b8f3-217af992c1ab','South Africa','1f7b167c-8cab-403b-bb41-78e2d867e997','newegg'),
                                                                                       ('65c26a77-c164-434d-bf5d-3778c59c3edb','Seller_Name_72','http://example-seller-info.com/7a4ae773-d4af-43d2-b09b-f6fa2c2572b6','India','21fd6052-910c-41cb-8384-8e8c55beb946','walmart_marketplace'),
                                                                                       ('1bec3e74-eccb-45c4-b41a-3ff6040935d5','Seller_Name_73','http://example-seller-info.com/e33b5128-6125-437d-b42d-372bed70816b','China','b2b0ab6d-cddf-4f0d-bdbf-7ea460954d5c','amazon'),
                                                                                       ('ea76cc50-93b0-48e7-bdcf-9999deecef6c','Seller_Name_74','http://example-seller-info.com/13cd1f86-4dd5-41a5-8e4b-8b618625c5bb','Canada','6a913a23-bc77-4a3a-b9fc-7fac725eba11','shopify'),
                                                                                       ('ead69292-5fd3-406e-b1c3-a270412d244c','Seller_Name_75','http://example-seller-info.com/00619ee0-e401-4e61-a11c-5b2efa7fe975','South Korea','62db0941-e180-47be-afa7-e794fa806883','flipkart'),
                                                                                       ('f987eacd-c259-4e15-b0ac-7dfca6bc5aa1','Seller_Name_76','http://example-seller-info.com/8d059e00-d693-4417-89e0-b21772ec15c1','Italy','34b3ef75-8f96-4157-a69b-c0905f92938f','walmart_marketplace'),
                                                                                       ('4f52cf80-0676-4f24-94ee-e8b57e93d11b','Seller_Name_77','http://example-seller-info.com/b29814ed-6455-4e1e-bffd-88579cf1d4d3','Italy','69edcb51-de35-47fd-8fd9-f2e8ccaf8f09','shopify'),
                                                                                       ('877f4f45-234d-4f0c-a042-8b8db0f437f3','Seller_Name_78','http://example-seller-info.com/da349cb8-8e74-400a-b908-a1617dcda990','China','d4061f06-7bf2-472b-a65f-b381df09d143','etsy'),
                                                                                       ('f7935d52-67f6-40f6-862c-b38e8191a2b6','Seller_Name_79','http://example-seller-info.com/c98271c3-394c-47f3-9f3f-d546e6c96220','South Africa','b2bda973-c735-438f-8042-498647c0174a','amazon');
INSERT INTO public.seller_infos (id,"name",url,country,external_id,marketplace_id) VALUES
                                                                                       ('12715b1c-e717-4e3a-bbbb-2062f4b3db75','Seller_Name_80','http://example-seller-info.com/556a94fd-ecb4-46e2-9f53-64e77ec3684d','Germany','e562eb27-845b-45a5-be11-00703b3aecd7','amazon'),
                                                                                       ('d854bc9b-939b-40e4-a757-6791915da26c','Seller_Name_81','http://example-seller-info.com/9f75a2e5-a141-414b-9391-91646dc9fce3','Canada','a9e31954-7b97-4bd5-859c-790e8d3b2ba5','amazon'),
                                                                                       ('5be9da9a-5b9b-4964-a5a5-148d182b3d15','Seller_Name_82','http://example-seller-info.com/8ade843e-e757-436e-a4ce-2867b414badb','Mexico','bc6cde6e-dd17-4021-8d69-a84c0013a71a','mercadolibre'),
                                                                                       ('3a489569-fc6f-4043-a628-816a0c11482e','Seller_Name_83','http://example-seller-info.com/8dcff23e-24e5-4da1-b3d1-746b7d9142e3','South Africa','df02ef0b-4f21-4b9c-8811-be3c4900ece9','rakuten'),
                                                                                       ('3223bb87-b747-4f11-bebe-dce6ec17dfe9','Seller_Name_84','http://example-seller-info.com/8cfa3e45-1f40-46fa-ad11-d66071e29a72','India','b87b52e4-9a09-4539-96fa-5c04eb1217bd','ebay'),
                                                                                       ('a0c215e5-4d27-44bf-8324-e00da5685c41','Seller_Name_85','http://example-seller-info.com/8c5cdad9-260c-4cc7-8114-1ed692d322dd','Germany','db98392b-21b8-4248-b030-7050b7fed9bf','amazon'),
                                                                                       ('5e55577d-4dff-46db-9b9f-d137e0a4677b','Seller_Name_86','http://example-seller-info.com/05d3a6d8-47bb-48aa-ae7d-79631bc31c55','Japan','6b156ad8-2650-4c83-838f-c96b705c49b8','etsy'),
                                                                                       ('90285487-474c-4314-ac4e-7bc9be839a5a','Seller_Name_87','http://example-seller-info.com/110a1e55-2fd7-46fa-96e2-5e5a4995052c','South Korea','c197edfd-429b-4e1f-9865-1e62059678c7','etsy'),
                                                                                       ('9c4ece2a-fb4c-45fb-bbe1-d6ef287547dd','Seller_Name_88','http://example-seller-info.com/e6fd0ff9-8284-4de4-96da-40fc72426482','India','d0ad9e8f-45dd-4c85-9f52-5c7ff4258996','flipkart'),
                                                                                       ('304aab4c-becb-47fb-b9c9-2d71d015d98f','Seller_Name_89','http://example-seller-info.com/18dabf6e-6c35-446d-b85a-b4c4f3588286','South Korea','77347e17-090f-4db1-924d-374bb2c7fe6e','amazon');
INSERT INTO public.seller_infos (id,"name",url,country,external_id,marketplace_id) VALUES
                                                                                       ('7c3c0e55-f339-497d-9d73-57d15eae179d','Seller_Name_90','http://example-seller-info.com/bf9afc10-a012-469c-8f3b-0d61f41d00a4','Spain','f1f29e14-d1ba-47e3-bc7e-91c4b8d51036','alibaba'),
                                                                                       ('387b070b-aaa3-4a3c-ade6-75871eb6ff04','Seller_Name_91','http://example-seller-info.com/1662c674-f861-4174-9a55-ac6d5b21fd51','Canada','adf830c9-61d8-4131-b72d-e8f02ff76aec','amazon'),
                                                                                       ('374c19ce-15d1-427b-b3b7-93f64aff2d32','Seller_Name_92','http://example-seller-info.com/52dab3f9-4240-45f4-bf1f-23ab13281d0b','India','9eb400f0-f22e-4933-9b80-da42f401b505','ebay'),
                                                                                       ('4d0d5c94-26ef-42cb-aa03-987e05899c76','Seller_Name_93','http://example-seller-info.com/1d52ece9-bfd8-4148-a127-aec1a5df62bc','South Africa','44f84961-2b60-49e9-824d-db33a57c4026','walmart_marketplace'),
                                                                                       ('99589736-2768-4526-a8a8-1c1a3a61b017','Seller_Name_94','http://example-seller-info.com/d7df6f47-1fa9-4d4f-9218-e9813544747c','Japan','83a31a9b-d005-47d5-b759-2198ec25f7b5','etsy'),
                                                                                       ('e29dd09f-4438-47e7-a831-8bef34a8fd67','Seller_Name_95','http://example-seller-info.com/42e1f95e-e16a-4c00-b062-3cfc33891edf','South Africa','a9553172-b839-41c7-adcb-835e040dc013','flipkart'),
                                                                                       ('3f3371cd-7455-4145-8773-a96e9e697a6a','Seller_Name_96','http://example-seller-info.com/d2f3022c-f453-46b2-a1e8-7b00954790d1','Canada','efaf2f66-dcb6-4558-8cda-de6447f17802','walmart_marketplace'),
                                                                                       ('0329b789-a36f-4b2c-b1e1-456f2437f574','Seller_Name_97','http://example-seller-info.com/f2b6c915-a08b-4ebb-ab38-3b90a97409d2','Mexico','466bebd5-4642-44d4-a2f4-2ccded08c08a','amazon'),
                                                                                       ('fd3693cb-c334-4681-a9ad-4b6b672755eb','Seller_Name_98','http://example-seller-info.com/203784b7-00fe-4f79-845e-0e88f075cbe4','Australia','e794268b-01b7-4485-869f-01d061f8f1fb','walmart_marketplace'),
                                                                                       ('578ca18c-6b1b-4d24-b670-3e0262068ba4','Seller_Name_99','http://example-seller-info.com/e40cf3a7-cf8a-4dfe-acc0-ece2b076a4cf','South Korea','8f43eb84-84d9-4331-8f6a-f5fa1afedb60','shopify');
INSERT INTO public.sellers (state,id,producer_id,seller_info_id) VALUES
                                                                     (2,'d9d738ac-b11b-46fe-b2b1-abad8d8f81a6','a150d2a4-c6c6-4aef-a97b-749416c28918','3b8d8580-e47e-4d82-9a51-d09cbc0c91de'),
                                                                     (2,'c1f58864-e1cb-4065-95db-22563d966466','c0be3498-e301-49e0-b838-c46926d03d72','3b8d8580-e47e-4d82-9a51-d09cbc0c91de'),
                                                                     (1,'e317f586-1af4-4cb4-ba38-ac26c476a212','78d3bfae-a058-4729-81ff-bf57e3c16ad0','3b8d8580-e47e-4d82-9a51-d09cbc0c91de'),
                                                                     (0,'b5d59435-2d96-4716-9453-f91e4f60fc7e','78d3bfae-a058-4729-81ff-bf57e3c16ad0','840f9a08-a028-4b51-8112-239e71f5079c'),
                                                                     (1,'9c55eb3d-405c-437b-a10c-75f57d0bbe31','10112b79-176f-4579-a669-9fc1dbc2d1a6','840f9a08-a028-4b51-8112-239e71f5079c'),
                                                                     (1,'5db02b00-6f57-4519-90ec-c7cf2559a2de','ad00993e-d212-4a25-bb70-eac5bb7f2f72','840f9a08-a028-4b51-8112-239e71f5079c'),
                                                                     (2,'eaa453a7-26d3-422d-b41d-c256fb694504','c0be3498-e301-49e0-b838-c46926d03d72','c27b74ff-34dc-41c3-9826-4a22859392f0'),
                                                                     (0,'b3ae8680-0952-4698-8f78-df43b96d64b8','78d3bfae-a058-4729-81ff-bf57e3c16ad0','c27b74ff-34dc-41c3-9826-4a22859392f0'),
                                                                     (2,'bcbe25c1-c195-4800-a780-47c61fe25205','10112b79-176f-4579-a669-9fc1dbc2d1a6','c27b74ff-34dc-41c3-9826-4a22859392f0'),
                                                                     (0,'acd43c58-516f-48cf-9ac5-10116b927b8f','78d3bfae-a058-4729-81ff-bf57e3c16ad0','40c1313f-9fcc-4944-a92b-4df3d86efc28');
INSERT INTO public.sellers (state,id,producer_id,seller_info_id) VALUES
                                                                     (2,'df003ed2-d6c3-48a5-86b7-1d159ea83927','10112b79-176f-4579-a669-9fc1dbc2d1a6','40c1313f-9fcc-4944-a92b-4df3d86efc28'),
                                                                     (2,'03a49c1a-12df-457a-98ec-879d49cf9a64','ad00993e-d212-4a25-bb70-eac5bb7f2f72','40c1313f-9fcc-4944-a92b-4df3d86efc28'),
                                                                     (2,'edd05ae6-26bc-405b-8dd2-8f8a45a544f1','78d3bfae-a058-4729-81ff-bf57e3c16ad0','e69d37e5-8c92-4c54-ac5d-dd02e332d5fc'),
                                                                     (1,'92bfa4cf-8c3a-49dd-bb89-02ba19dcff9d','10112b79-176f-4579-a669-9fc1dbc2d1a6','e69d37e5-8c92-4c54-ac5d-dd02e332d5fc'),
                                                                     (1,'e7e80bde-983d-4c72-b6bd-9595e6f253f8','ad00993e-d212-4a25-bb70-eac5bb7f2f72','e69d37e5-8c92-4c54-ac5d-dd02e332d5fc'),
                                                                     (2,'7fa7179e-d179-4626-b010-40053f585c62','78d3bfae-a058-4729-81ff-bf57e3c16ad0','29af94f3-595a-4a7d-b830-5bd41640f7d5'),
                                                                     (3,'5100ae95-cb30-43d9-873e-5bb0b8d09ac7','10112b79-176f-4579-a669-9fc1dbc2d1a6','29af94f3-595a-4a7d-b830-5bd41640f7d5'),
                                                                     (0,'f0beb03e-3142-4533-be7f-d0f8ac16bdee','ad00993e-d212-4a25-bb70-eac5bb7f2f72','29af94f3-595a-4a7d-b830-5bd41640f7d5'),
                                                                     (1,'2d22d81b-92ba-4d49-888e-d283c6d4ee21','eb7f5fa9-383b-44d6-a203-ea170842490d','810b9745-f806-47ee-8d5f-d1ef2f45571e'),
                                                                     (1,'90abb6c0-ec8d-4289-929c-a06a71cb9ab3','57db1706-a406-4aea-a268-bc1c92a62827','810b9745-f806-47ee-8d5f-d1ef2f45571e');
INSERT INTO public.sellers (state,id,producer_id,seller_info_id) VALUES
                                                                     (1,'b45e64e6-1385-4d9b-aece-bc88b5fc312c','56f4a00f-2844-4fba-89db-d0c508d8b556','810b9745-f806-47ee-8d5f-d1ef2f45571e'),
                                                                     (1,'3421567e-9148-46c2-85ff-f4812c324a6c','a150d2a4-c6c6-4aef-a97b-749416c28918','9e77ed56-11c2-4858-bcfe-e124342e25ee'),
                                                                     (2,'c1e278d2-8b54-4d14-a875-b1b8d2322fd2','c0be3498-e301-49e0-b838-c46926d03d72','9e77ed56-11c2-4858-bcfe-e124342e25ee'),
                                                                     (2,'d07a602d-d155-4888-ace7-b267790dc37e','78d3bfae-a058-4729-81ff-bf57e3c16ad0','9e77ed56-11c2-4858-bcfe-e124342e25ee'),
                                                                     (1,'cb0d91d2-ad3c-495d-a916-d7ab7e491ae4','57db1706-a406-4aea-a268-bc1c92a62827','5adc1ffd-bbb0-41e4-b636-b2aaa94cfdc1'),
                                                                     (1,'f5827ba8-1e23-4ed6-9eb2-55d48957413f','56f4a00f-2844-4fba-89db-d0c508d8b556','5adc1ffd-bbb0-41e4-b636-b2aaa94cfdc1'),
                                                                     (0,'bfec2e9e-0131-468d-9f69-4a49aeef846b','a150d2a4-c6c6-4aef-a97b-749416c28918','5adc1ffd-bbb0-41e4-b636-b2aaa94cfdc1'),
                                                                     (0,'683ad1ae-dddf-40b2-8ba4-ea4b014e99f6','ad00993e-d212-4a25-bb70-eac5bb7f2f72','834593b8-8a7f-4952-9df2-7002953f23b8'),
                                                                     (1,'69c33e1f-3984-4742-9527-5ba07ecac2a9','2a523d4e-2b29-4678-aa4b-f755bdd2bb11','834593b8-8a7f-4952-9df2-7002953f23b8'),
                                                                     (2,'71cc3ca2-7c56-4e01-b9e7-ba4ec3b47f69','7d9ad784-d972-4d38-b8a6-d5d81b20c35d','834593b8-8a7f-4952-9df2-7002953f23b8');
INSERT INTO public.sellers (state,id,producer_id,seller_info_id) VALUES
                                                                     (2,'bf7b3f43-fb5a-4c8e-9209-49593b17fd0d','7d9ad784-d972-4d38-b8a6-d5d81b20c35d','01a0f7ad-24a1-4f29-b47c-91c71fa05338'),
                                                                     (0,'4f701dd1-1877-457e-9fe2-cf0c0eef5c0a','eb7f5fa9-383b-44d6-a203-ea170842490d','01a0f7ad-24a1-4f29-b47c-91c71fa05338'),
                                                                     (0,'514fc89c-5de8-437a-9f1a-abf27769a2c7','57db1706-a406-4aea-a268-bc1c92a62827','01a0f7ad-24a1-4f29-b47c-91c71fa05338'),
                                                                     (3,'5eb1e9a8-7a69-4e12-b3df-c92be7312ef7','2a523d4e-2b29-4678-aa4b-f755bdd2bb11','f43afa61-42e4-4e00-b58b-b56535bcf799'),
                                                                     (1,'15536be2-6830-41a9-837f-6160a35e682b','7d9ad784-d972-4d38-b8a6-d5d81b20c35d','f43afa61-42e4-4e00-b58b-b56535bcf799'),
                                                                     (3,'72769d92-a5d2-4f21-aae4-ac6893a0ce32','eb7f5fa9-383b-44d6-a203-ea170842490d','f43afa61-42e4-4e00-b58b-b56535bcf799'),
                                                                     (0,'22080255-5105-461c-92e7-bf7a2b4bd4a2','eb7f5fa9-383b-44d6-a203-ea170842490d','330a03bb-ae6e-43f3-b867-5ab1c8a6a0e2'),
                                                                     (2,'3198d7cf-d7d7-4075-a1d7-7c1363c1862b','57db1706-a406-4aea-a268-bc1c92a62827','330a03bb-ae6e-43f3-b867-5ab1c8a6a0e2'),
                                                                     (1,'20690293-6e6c-4434-ab2a-dcfbe52be381','56f4a00f-2844-4fba-89db-d0c508d8b556','330a03bb-ae6e-43f3-b867-5ab1c8a6a0e2'),
                                                                     (0,'361b67d1-b1b5-4b63-92d6-f8a2f087137b','eb7f5fa9-383b-44d6-a203-ea170842490d','1e98824d-737b-4213-85e8-3bdfac0ea00c');
INSERT INTO public.sellers (state,id,producer_id,seller_info_id) VALUES
                                                                     (2,'c2a26c08-da77-4d00-95d2-cfeeff8ef7ea','57db1706-a406-4aea-a268-bc1c92a62827','1e98824d-737b-4213-85e8-3bdfac0ea00c'),
                                                                     (2,'6545a49e-937f-4ba8-b4cf-b6c3e536c9b1','56f4a00f-2844-4fba-89db-d0c508d8b556','1e98824d-737b-4213-85e8-3bdfac0ea00c'),
                                                                     (2,'3ab88b26-515f-4587-adf8-c780dc41444c','56f4a00f-2844-4fba-89db-d0c508d8b556','706df6f9-3e29-48e7-a5d2-5dd21db996b1'),
                                                                     (3,'3f6ee2f7-fbaf-4087-85dc-dcb336989bfb','a150d2a4-c6c6-4aef-a97b-749416c28918','706df6f9-3e29-48e7-a5d2-5dd21db996b1'),
                                                                     (1,'8c8542cd-9ca0-4946-b3e9-7d893e69ff3e','c0be3498-e301-49e0-b838-c46926d03d72','706df6f9-3e29-48e7-a5d2-5dd21db996b1'),
                                                                     (1,'74a11a35-5c68-4b37-8991-bd53ed1889e1','ad00993e-d212-4a25-bb70-eac5bb7f2f72','06e8daea-458a-4680-beef-55160bb466a2'),
                                                                     (0,'1b767568-8133-4ace-abfe-ddd9578b69be','2a523d4e-2b29-4678-aa4b-f755bdd2bb11','06e8daea-458a-4680-beef-55160bb466a2'),
                                                                     (0,'55034d98-a3c4-4ad9-8590-c3adeee9f874','7d9ad784-d972-4d38-b8a6-d5d81b20c35d','06e8daea-458a-4680-beef-55160bb466a2'),
                                                                     (0,'8afbf85a-4b41-490c-8e3e-babda378b73b','2a523d4e-2b29-4678-aa4b-f755bdd2bb11','78fed1e9-a6a2-4640-8116-11ed0c03eb38'),
                                                                     (2,'1fdd158b-3b51-44b2-a695-0fe10348519b','7d9ad784-d972-4d38-b8a6-d5d81b20c35d','78fed1e9-a6a2-4640-8116-11ed0c03eb38');
INSERT INTO public.sellers (state,id,producer_id,seller_info_id) VALUES
                                                                     (3,'720a8dfa-f543-4f53-bd34-09dadfb4ef6f','eb7f5fa9-383b-44d6-a203-ea170842490d','78fed1e9-a6a2-4640-8116-11ed0c03eb38'),
                                                                     (3,'79296bc6-61c6-4041-8ca1-dcd4cde97fc9','56f4a00f-2844-4fba-89db-d0c508d8b556','998505d7-2234-4387-b535-7ee2074e6e62'),
                                                                     (0,'cbd02e6d-0b9f-4e19-90a7-98a46a64df72','a150d2a4-c6c6-4aef-a97b-749416c28918','998505d7-2234-4387-b535-7ee2074e6e62'),
                                                                     (0,'dd075b2b-2283-4968-bef2-f38bf713b5f4','c0be3498-e301-49e0-b838-c46926d03d72','998505d7-2234-4387-b535-7ee2074e6e62'),
                                                                     (2,'5628b9d0-de3e-4bdd-b8b1-e0bf5108d105','2a523d4e-2b29-4678-aa4b-f755bdd2bb11','89f44886-b1db-48dc-aa4b-16ee4e9da4f9'),
                                                                     (3,'a6eec37b-1e7b-4eee-a0a8-4579daf3343a','7d9ad784-d972-4d38-b8a6-d5d81b20c35d','89f44886-b1db-48dc-aa4b-16ee4e9da4f9'),
                                                                     (1,'47c50569-1dd2-4776-b011-c00980333e61','eb7f5fa9-383b-44d6-a203-ea170842490d','89f44886-b1db-48dc-aa4b-16ee4e9da4f9'),
                                                                     (0,'f291e5e9-7507-4322-9ced-a099c5c9fef7','7d9ad784-d972-4d38-b8a6-d5d81b20c35d','3065917a-5d26-4871-bee0-49eb75789288'),
                                                                     (0,'bfecd3ab-d329-410d-9508-a0edebdaa034','eb7f5fa9-383b-44d6-a203-ea170842490d','3065917a-5d26-4871-bee0-49eb75789288'),
                                                                     (3,'d593cbba-1d13-4990-9f71-aad324d2f80a','57db1706-a406-4aea-a268-bc1c92a62827','3065917a-5d26-4871-bee0-49eb75789288');
INSERT INTO public.sellers (state,id,producer_id,seller_info_id) VALUES
                                                                     (2,'87774266-af81-43d6-b0bb-655b13fde8c6','78d3bfae-a058-4729-81ff-bf57e3c16ad0','5fb53985-cd75-407b-81f8-1c79a770905e'),
                                                                     (2,'6bd3570e-21ee-4c72-b133-8b9a06119a7c','10112b79-176f-4579-a669-9fc1dbc2d1a6','5fb53985-cd75-407b-81f8-1c79a770905e'),
                                                                     (1,'28009728-8892-4df6-9042-1eed13225a78','ad00993e-d212-4a25-bb70-eac5bb7f2f72','5fb53985-cd75-407b-81f8-1c79a770905e'),
                                                                     (2,'47f85648-c59c-47d3-a188-a593ad819e7a','57db1706-a406-4aea-a268-bc1c92a62827','73530920-7c46-40f6-852a-468d763090b6'),
                                                                     (2,'cb0989d3-6af0-4529-bcff-324545463d51','56f4a00f-2844-4fba-89db-d0c508d8b556','73530920-7c46-40f6-852a-468d763090b6'),
                                                                     (0,'352c2542-8695-4c71-9b6d-a8d61427518f','a150d2a4-c6c6-4aef-a97b-749416c28918','73530920-7c46-40f6-852a-468d763090b6'),
                                                                     (3,'ff529360-8fb8-4252-bd51-110dbc6602ab','2a523d4e-2b29-4678-aa4b-f755bdd2bb11','8650f40a-3fe0-471d-8cba-5cca650cfe39'),
                                                                     (0,'819f300b-4fea-4a77-820e-b6549b40a7e3','7d9ad784-d972-4d38-b8a6-d5d81b20c35d','8650f40a-3fe0-471d-8cba-5cca650cfe39'),
                                                                     (3,'9d841d04-e32d-487c-adc6-f5ac904f42e3','eb7f5fa9-383b-44d6-a203-ea170842490d','8650f40a-3fe0-471d-8cba-5cca650cfe39'),
                                                                     (0,'d7333446-d10e-46a3-8e68-64f1d295747f','78d3bfae-a058-4729-81ff-bf57e3c16ad0','7ba88171-8048-4581-9f4b-cc777ac9394f');
INSERT INTO public.sellers (state,id,producer_id,seller_info_id) VALUES
                                                                     (3,'faaa6879-0328-4f9a-9024-0bd7755379cc','10112b79-176f-4579-a669-9fc1dbc2d1a6','7ba88171-8048-4581-9f4b-cc777ac9394f'),
                                                                     (0,'6fe0c0db-1f97-4cfe-a42b-8329e9095819','ad00993e-d212-4a25-bb70-eac5bb7f2f72','7ba88171-8048-4581-9f4b-cc777ac9394f'),
                                                                     (0,'9b228f23-5ec5-477f-b8b9-ed654b79b427','ad00993e-d212-4a25-bb70-eac5bb7f2f72','8986283d-b28d-49b5-9e11-c823c821aeac'),
                                                                     (1,'d776becb-bcb2-4edb-8b59-c3cec03b57ac','2a523d4e-2b29-4678-aa4b-f755bdd2bb11','8986283d-b28d-49b5-9e11-c823c821aeac'),
                                                                     (1,'c0e9e7ab-42f7-4af6-93e0-5e071c0ab493','7d9ad784-d972-4d38-b8a6-d5d81b20c35d','8986283d-b28d-49b5-9e11-c823c821aeac'),
                                                                     (0,'63d33600-edd8-45a7-8554-40cfa9557990','2a523d4e-2b29-4678-aa4b-f755bdd2bb11','a5bc9fc3-dc03-4963-8cd9-fdce688246d3'),
                                                                     (3,'33b574b0-323f-482c-840c-1c60d9fef7a2','7d9ad784-d972-4d38-b8a6-d5d81b20c35d','a5bc9fc3-dc03-4963-8cd9-fdce688246d3'),
                                                                     (0,'5947604b-2d45-4be0-aa5f-fc4f12d21746','eb7f5fa9-383b-44d6-a203-ea170842490d','a5bc9fc3-dc03-4963-8cd9-fdce688246d3'),
                                                                     (2,'f0d3b425-0d9d-4d28-bb6d-891f33eb074d','c0be3498-e301-49e0-b838-c46926d03d72','a3074b42-b554-446c-82c6-4ac628fb227a'),
                                                                     (2,'bb928664-8aa4-4927-84f8-2bdd1ef09bc8','78d3bfae-a058-4729-81ff-bf57e3c16ad0','a3074b42-b554-446c-82c6-4ac628fb227a');
INSERT INTO public.sellers (state,id,producer_id,seller_info_id) VALUES
                                                                     (3,'b3681180-88aa-46ad-9dd7-9d35d5737f91','10112b79-176f-4579-a669-9fc1dbc2d1a6','a3074b42-b554-446c-82c6-4ac628fb227a'),
                                                                     (3,'2766d6d6-c48f-43e8-86dc-fce92551be57','7d9ad784-d972-4d38-b8a6-d5d81b20c35d','163ceff4-126f-44b9-bb0b-e141c293c45b'),
                                                                     (2,'5fcbf807-4145-49b2-bc0c-bebdb1f5323f','eb7f5fa9-383b-44d6-a203-ea170842490d','163ceff4-126f-44b9-bb0b-e141c293c45b'),
                                                                     (0,'fe5807fe-d0a0-4528-bc70-7573f2a5d60e','57db1706-a406-4aea-a268-bc1c92a62827','163ceff4-126f-44b9-bb0b-e141c293c45b'),
                                                                     (1,'793497c3-4bff-41be-8fcc-6958a28b8502','2a523d4e-2b29-4678-aa4b-f755bdd2bb11','4ae1e261-581c-4142-ac58-b318c5aa8fc6'),
                                                                     (2,'3ec027ad-fbca-416b-89de-896456ccc4ac','7d9ad784-d972-4d38-b8a6-d5d81b20c35d','4ae1e261-581c-4142-ac58-b318c5aa8fc6'),
                                                                     (3,'5dcec19b-e37a-41ad-b59d-8b0d8ded3784','eb7f5fa9-383b-44d6-a203-ea170842490d','4ae1e261-581c-4142-ac58-b318c5aa8fc6'),
                                                                     (2,'afe26994-d089-4794-802a-cd0eb3410bb1','2a523d4e-2b29-4678-aa4b-f755bdd2bb11','f901a0d3-d6c8-4ea5-89d7-6959c2253122'),
                                                                     (2,'e51e1c0f-6b98-489e-ab09-f2cd3a600158','7d9ad784-d972-4d38-b8a6-d5d81b20c35d','f901a0d3-d6c8-4ea5-89d7-6959c2253122'),
                                                                     (3,'96b1fa1d-3aba-4f56-a87f-8219d507da49','eb7f5fa9-383b-44d6-a203-ea170842490d','f901a0d3-d6c8-4ea5-89d7-6959c2253122');
INSERT INTO public.sellers (state,id,producer_id,seller_info_id) VALUES
                                                                     (0,'d1de9886-6b3f-4de2-822b-edad1ba77f9d','c0be3498-e301-49e0-b838-c46926d03d72','ac7df743-829d-48de-b242-5f7c06c0f40a'),
                                                                     (1,'d9b1294b-4635-478c-a61d-68bdc15bb743','78d3bfae-a058-4729-81ff-bf57e3c16ad0','ac7df743-829d-48de-b242-5f7c06c0f40a'),
                                                                     (3,'c13c8978-e74d-4581-a41b-e89e81b1b19b','10112b79-176f-4579-a669-9fc1dbc2d1a6','ac7df743-829d-48de-b242-5f7c06c0f40a'),
                                                                     (3,'f0047a6b-a3f2-4b06-b563-80dd81db6d16','2a523d4e-2b29-4678-aa4b-f755bdd2bb11','5e628a49-5865-411a-80ed-1dc8c4ea66aa'),
                                                                     (2,'b6c00c64-3aeb-48bc-89cc-8bea258a4280','7d9ad784-d972-4d38-b8a6-d5d81b20c35d','5e628a49-5865-411a-80ed-1dc8c4ea66aa'),
                                                                     (0,'62b3404c-4082-4114-b9dd-e8ce72ef5d64','eb7f5fa9-383b-44d6-a203-ea170842490d','5e628a49-5865-411a-80ed-1dc8c4ea66aa'),
                                                                     (0,'4f6578c3-91f7-4e2d-85c2-8dbce5fe9422','ad00993e-d212-4a25-bb70-eac5bb7f2f72','4f824209-d350-4102-82bf-ee04b876478c'),
                                                                     (2,'b245fbaa-1bf0-4d66-bcb9-08aa6fd64126','2a523d4e-2b29-4678-aa4b-f755bdd2bb11','4f824209-d350-4102-82bf-ee04b876478c'),
                                                                     (3,'d3f6786f-1123-4261-9b8e-2ba49f6bea56','7d9ad784-d972-4d38-b8a6-d5d81b20c35d','4f824209-d350-4102-82bf-ee04b876478c'),
                                                                     (2,'53c78b5c-e889-49eb-9f7b-2c8cdb2b31e9','eb7f5fa9-383b-44d6-a203-ea170842490d','6cc5f17a-2d89-4536-b825-dd9aec4283bd');
INSERT INTO public.sellers (state,id,producer_id,seller_info_id) VALUES
                                                                     (2,'8d8f5e8e-072c-46e2-956a-3155caf62621','57db1706-a406-4aea-a268-bc1c92a62827','6cc5f17a-2d89-4536-b825-dd9aec4283bd'),
                                                                     (3,'8b6027fa-0099-46ca-a153-77bddeab7933','56f4a00f-2844-4fba-89db-d0c508d8b556','6cc5f17a-2d89-4536-b825-dd9aec4283bd'),
                                                                     (3,'5c392e21-2e1b-46f8-97c2-981e8fa3beb2','c0be3498-e301-49e0-b838-c46926d03d72','38a9dcf7-2f10-41bb-ba9e-2e38d67163ff'),
                                                                     (2,'0976b806-6cb6-4b3e-b665-108fe9c6485d','78d3bfae-a058-4729-81ff-bf57e3c16ad0','38a9dcf7-2f10-41bb-ba9e-2e38d67163ff'),
                                                                     (3,'5183bd7b-754f-4914-becc-1e2212f23013','10112b79-176f-4579-a669-9fc1dbc2d1a6','38a9dcf7-2f10-41bb-ba9e-2e38d67163ff'),
                                                                     (1,'72d6a512-2d6a-47e0-ae4c-e571bf7e531f','a150d2a4-c6c6-4aef-a97b-749416c28918','8aefdfe4-8ba5-428a-aee0-290a3ba794a6'),
                                                                     (2,'180c0874-ecb3-4d7b-b240-ffd4103e6a1b','c0be3498-e301-49e0-b838-c46926d03d72','8aefdfe4-8ba5-428a-aee0-290a3ba794a6'),
                                                                     (1,'5d185480-e446-4255-82d9-115da277dc8c','78d3bfae-a058-4729-81ff-bf57e3c16ad0','8aefdfe4-8ba5-428a-aee0-290a3ba794a6'),
                                                                     (3,'235d3cc6-b529-4bc8-ad93-5a9c047c9b0f','78d3bfae-a058-4729-81ff-bf57e3c16ad0','fd2c657e-151e-41be-bfa2-ec18bcca03d9'),
                                                                     (3,'b1ceced8-4622-451e-83de-80d84ae8236d','10112b79-176f-4579-a669-9fc1dbc2d1a6','fd2c657e-151e-41be-bfa2-ec18bcca03d9');
INSERT INTO public.sellers (state,id,producer_id,seller_info_id) VALUES
                                                                     (2,'73e254ad-366a-4707-8b80-59e6f22bafce','ad00993e-d212-4a25-bb70-eac5bb7f2f72','fd2c657e-151e-41be-bfa2-ec18bcca03d9'),
                                                                     (3,'77bd10bc-ec1a-4c93-9b45-b07e4da387f3','eb7f5fa9-383b-44d6-a203-ea170842490d','b64f59c8-4d6f-481f-9c4d-d793f00673a1'),
                                                                     (3,'327223e9-cba4-40bf-8260-f3732e889de7','57db1706-a406-4aea-a268-bc1c92a62827','b64f59c8-4d6f-481f-9c4d-d793f00673a1'),
                                                                     (2,'fa1a2e9c-ae00-4e01-bec7-92565d686172','56f4a00f-2844-4fba-89db-d0c508d8b556','b64f59c8-4d6f-481f-9c4d-d793f00673a1'),
                                                                     (3,'78d712dd-8577-4746-be6a-6a46673b9db5','ad00993e-d212-4a25-bb70-eac5bb7f2f72','01a5647d-630c-4a41-a5bb-d722bade2c55'),
                                                                     (0,'715a2b22-ae58-4f38-ac10-83678bd07fea','2a523d4e-2b29-4678-aa4b-f755bdd2bb11','01a5647d-630c-4a41-a5bb-d722bade2c55'),
                                                                     (2,'0bdf6903-9bbf-4930-91fe-68943c560d67','7d9ad784-d972-4d38-b8a6-d5d81b20c35d','01a5647d-630c-4a41-a5bb-d722bade2c55'),
                                                                     (1,'b22698e1-8955-4b1a-97d0-9e8d478d1c4c','10112b79-176f-4579-a669-9fc1dbc2d1a6','b6b3a0b0-758c-43fc-b6f7-efadcc1addfc'),
                                                                     (0,'c548d2c7-a5ed-4d01-8901-c8d8d9b2f62d','ad00993e-d212-4a25-bb70-eac5bb7f2f72','b6b3a0b0-758c-43fc-b6f7-efadcc1addfc'),
                                                                     (1,'be75a88d-1320-4846-8011-f30717897699','2a523d4e-2b29-4678-aa4b-f755bdd2bb11','b6b3a0b0-758c-43fc-b6f7-efadcc1addfc');
INSERT INTO public.sellers (state,id,producer_id,seller_info_id) VALUES
                                                                     (1,'4f82217e-2b7d-4839-9c06-37c1e10d89a4','7d9ad784-d972-4d38-b8a6-d5d81b20c35d','c0a9722a-5e66-4f01-a041-e853c037fbd0'),
                                                                     (2,'a976cee6-ecba-4f85-931b-011af5f4e5fd','eb7f5fa9-383b-44d6-a203-ea170842490d','c0a9722a-5e66-4f01-a041-e853c037fbd0'),
                                                                     (1,'10b17f46-b1bd-41cb-8b21-c2d5066b3557','57db1706-a406-4aea-a268-bc1c92a62827','c0a9722a-5e66-4f01-a041-e853c037fbd0'),
                                                                     (1,'422171e0-a97b-4435-9b35-16cdd61d5771','eb7f5fa9-383b-44d6-a203-ea170842490d','5869f35f-542e-44ea-945a-6018d88a7e7d'),
                                                                     (0,'f4aedfed-44eb-4cbf-8cf5-6e0dd02693d9','57db1706-a406-4aea-a268-bc1c92a62827','5869f35f-542e-44ea-945a-6018d88a7e7d'),
                                                                     (1,'cf2a46db-9004-44f4-a0d3-c7c81f498c65','56f4a00f-2844-4fba-89db-d0c508d8b556','5869f35f-542e-44ea-945a-6018d88a7e7d'),
                                                                     (3,'c6ed9b27-25bb-43bb-a8cd-c1895c86f071','7d9ad784-d972-4d38-b8a6-d5d81b20c35d','9d681c38-8732-4f70-814e-45f650e0186d'),
                                                                     (0,'0ad86516-7284-4029-a2f3-767e4c6dc459','eb7f5fa9-383b-44d6-a203-ea170842490d','9d681c38-8732-4f70-814e-45f650e0186d'),
                                                                     (3,'6e915ade-c97d-46ad-8c05-5a4e6e722aaa','57db1706-a406-4aea-a268-bc1c92a62827','9d681c38-8732-4f70-814e-45f650e0186d'),
                                                                     (3,'f659010d-87a7-40b1-b742-a7ed11423810','a150d2a4-c6c6-4aef-a97b-749416c28918','6e822d31-d701-41b8-ae37-b6525585461c');
INSERT INTO public.sellers (state,id,producer_id,seller_info_id) VALUES
                                                                     (1,'581fbb13-0328-4d27-ba5b-93518e878044','c0be3498-e301-49e0-b838-c46926d03d72','6e822d31-d701-41b8-ae37-b6525585461c'),
                                                                     (1,'4039b184-dffd-4b89-a250-d054f50741b0','78d3bfae-a058-4729-81ff-bf57e3c16ad0','6e822d31-d701-41b8-ae37-b6525585461c'),
                                                                     (1,'0d77e265-12db-4f1e-9351-ec13c78f738f','56f4a00f-2844-4fba-89db-d0c508d8b556','aaafd1d7-9895-4cde-89d1-0f059a201b17'),
                                                                     (1,'9ab78ec9-ae0b-45fb-95a8-6df8cfc72338','a150d2a4-c6c6-4aef-a97b-749416c28918','aaafd1d7-9895-4cde-89d1-0f059a201b17'),
                                                                     (1,'e399e44f-2dbd-437a-862d-ce53172b863f','c0be3498-e301-49e0-b838-c46926d03d72','aaafd1d7-9895-4cde-89d1-0f059a201b17'),
                                                                     (2,'a6e97194-ffd7-4d69-9d14-7b479104b38e','ad00993e-d212-4a25-bb70-eac5bb7f2f72','96ec1527-4e13-4ea1-98de-5548824b2a47'),
                                                                     (3,'401f82fe-eab7-44e2-aebb-2f12cd538b9d','2a523d4e-2b29-4678-aa4b-f755bdd2bb11','96ec1527-4e13-4ea1-98de-5548824b2a47'),
                                                                     (2,'6ff1785f-2fdb-4211-9b4f-e18b66895752','7d9ad784-d972-4d38-b8a6-d5d81b20c35d','96ec1527-4e13-4ea1-98de-5548824b2a47'),
                                                                     (3,'4f67812d-f0ee-46e7-9c62-4bbe028fbfc1','10112b79-176f-4579-a669-9fc1dbc2d1a6','e7f51b14-2f4d-4fc4-8b00-3c3aface2859'),
                                                                     (3,'8351e30d-c026-4071-aae1-b53d6819e05c','ad00993e-d212-4a25-bb70-eac5bb7f2f72','e7f51b14-2f4d-4fc4-8b00-3c3aface2859');
INSERT INTO public.sellers (state,id,producer_id,seller_info_id) VALUES
                                                                     (2,'15c04fc7-6dde-4e37-a32f-0f9e5223749e','2a523d4e-2b29-4678-aa4b-f755bdd2bb11','e7f51b14-2f4d-4fc4-8b00-3c3aface2859'),
                                                                     (1,'67b981f9-09f9-4082-b0ad-6e4bb3753f75','57db1706-a406-4aea-a268-bc1c92a62827','288eceb2-0b67-44a2-be4b-1ede7fcf3c2c'),
                                                                     (3,'4f328b3c-5060-44a8-b3c9-5e510f8bb386','56f4a00f-2844-4fba-89db-d0c508d8b556','288eceb2-0b67-44a2-be4b-1ede7fcf3c2c'),
                                                                     (1,'901936be-e959-4aec-b0f7-5b6d81169e7f','a150d2a4-c6c6-4aef-a97b-749416c28918','288eceb2-0b67-44a2-be4b-1ede7fcf3c2c'),
                                                                     (2,'5027c6ad-e0b7-4462-82ba-2d6ec7b2693d','ad00993e-d212-4a25-bb70-eac5bb7f2f72','190605c1-e361-436a-b434-52d6c3751baa'),
                                                                     (3,'cc0824a9-d81d-446b-ae2f-57e59d4ed4c9','2a523d4e-2b29-4678-aa4b-f755bdd2bb11','190605c1-e361-436a-b434-52d6c3751baa'),
                                                                     (1,'6bd7e708-804d-4eb0-b4bb-579897f824b8','7d9ad784-d972-4d38-b8a6-d5d81b20c35d','190605c1-e361-436a-b434-52d6c3751baa'),
                                                                     (1,'75d1e038-b0cc-4f37-9ea9-62da5fa08f2c','eb7f5fa9-383b-44d6-a203-ea170842490d','da6300b8-6663-469c-b9d8-27bc230139a8'),
                                                                     (0,'49ffc903-95a0-428b-856a-27c92f45195a','57db1706-a406-4aea-a268-bc1c92a62827','da6300b8-6663-469c-b9d8-27bc230139a8'),
                                                                     (0,'42a3f5d0-cf8a-4306-9335-93196e8336ec','56f4a00f-2844-4fba-89db-d0c508d8b556','da6300b8-6663-469c-b9d8-27bc230139a8');
INSERT INTO public.sellers (state,id,producer_id,seller_info_id) VALUES
                                                                     (3,'e6653881-4367-4f9a-b397-c2dbc5017495','ad00993e-d212-4a25-bb70-eac5bb7f2f72','532a802b-059f-480b-ace3-466e6b6beb4f'),
                                                                     (0,'729d388d-f096-49d8-9c6d-80367bb2f9c1','2a523d4e-2b29-4678-aa4b-f755bdd2bb11','532a802b-059f-480b-ace3-466e6b6beb4f'),
                                                                     (0,'81cbc355-8e73-40b5-b1b1-e1e3c7b40167','7d9ad784-d972-4d38-b8a6-d5d81b20c35d','532a802b-059f-480b-ace3-466e6b6beb4f'),
                                                                     (1,'072d24f6-1ec4-4010-bf24-f8dec0435dad','57db1706-a406-4aea-a268-bc1c92a62827','f1c5e98d-f068-4e8a-8ff1-c347c2ddcdc0'),
                                                                     (1,'dc4f1bdf-40eb-4373-920b-a0a4b47e1c39','56f4a00f-2844-4fba-89db-d0c508d8b556','f1c5e98d-f068-4e8a-8ff1-c347c2ddcdc0'),
                                                                     (1,'6b4651f0-5748-4cd8-9e16-868442f1833b','a150d2a4-c6c6-4aef-a97b-749416c28918','f1c5e98d-f068-4e8a-8ff1-c347c2ddcdc0'),
                                                                     (0,'545e7ff5-9730-4e41-9748-d37566d74ffb','57db1706-a406-4aea-a268-bc1c92a62827','5d828765-a6f4-411f-b013-4c596b5d2596'),
                                                                     (2,'b3295f3f-bf05-4d9e-9f0b-1533ca336181','56f4a00f-2844-4fba-89db-d0c508d8b556','5d828765-a6f4-411f-b013-4c596b5d2596'),
                                                                     (3,'ccdc2d20-82fb-428c-92ed-064b9fe1bf3b','a150d2a4-c6c6-4aef-a97b-749416c28918','5d828765-a6f4-411f-b013-4c596b5d2596'),
                                                                     (3,'4a269362-f8fb-4610-8db1-811c7e164a9f','a150d2a4-c6c6-4aef-a97b-749416c28918','b23c8b9e-7606-40b8-bddf-62163c6f30bb');
INSERT INTO public.sellers (state,id,producer_id,seller_info_id) VALUES
                                                                     (3,'390ce71c-d43c-4f07-9128-0247e272a1f6','c0be3498-e301-49e0-b838-c46926d03d72','b23c8b9e-7606-40b8-bddf-62163c6f30bb'),
                                                                     (3,'e8493e65-c53a-42cf-9e1b-3e960c974542','78d3bfae-a058-4729-81ff-bf57e3c16ad0','b23c8b9e-7606-40b8-bddf-62163c6f30bb'),
                                                                     (3,'34490702-04f6-4b23-8cf1-081617ec2629','78d3bfae-a058-4729-81ff-bf57e3c16ad0','0d337408-63f2-4983-baaf-cd6117ade224'),
                                                                     (1,'dbbeb059-5c98-47f2-a966-942df11fbeb9','10112b79-176f-4579-a669-9fc1dbc2d1a6','0d337408-63f2-4983-baaf-cd6117ade224'),
                                                                     (1,'40b91f6f-f407-48af-abfb-cc164ea4e1fa','ad00993e-d212-4a25-bb70-eac5bb7f2f72','0d337408-63f2-4983-baaf-cd6117ade224'),
                                                                     (0,'a1877ca5-e2b2-48a0-b62a-89a129d76ec6','57db1706-a406-4aea-a268-bc1c92a62827','8ee98aa6-3481-45ab-bf0d-ff8f7ad39147'),
                                                                     (3,'4c7c9270-099c-4d74-8c8a-2b9c258c2658','56f4a00f-2844-4fba-89db-d0c508d8b556','8ee98aa6-3481-45ab-bf0d-ff8f7ad39147'),
                                                                     (0,'df218e1c-cfb8-4013-b10f-aea934c8f47c','a150d2a4-c6c6-4aef-a97b-749416c28918','8ee98aa6-3481-45ab-bf0d-ff8f7ad39147'),
                                                                     (2,'5e89193c-0b41-45d9-90d3-d705ee56d3e8','a150d2a4-c6c6-4aef-a97b-749416c28918','7d3a8e35-bdbf-44d1-8743-fcd3cd806369'),
                                                                     (3,'d0820976-37bb-4e34-b566-34fcc3295e1e','c0be3498-e301-49e0-b838-c46926d03d72','7d3a8e35-bdbf-44d1-8743-fcd3cd806369');
INSERT INTO public.sellers (state,id,producer_id,seller_info_id) VALUES
                                                                     (1,'ffee997d-3804-4a23-8247-11895a1055f1','78d3bfae-a058-4729-81ff-bf57e3c16ad0','7d3a8e35-bdbf-44d1-8743-fcd3cd806369'),
                                                                     (0,'ad26b430-c62f-49f2-94fd-653100de9613','ad00993e-d212-4a25-bb70-eac5bb7f2f72','84832721-47b4-4a70-b53d-3869519cbed1'),
                                                                     (3,'69f02a87-281b-43c3-b38e-645e7fe1f82d','2a523d4e-2b29-4678-aa4b-f755bdd2bb11','84832721-47b4-4a70-b53d-3869519cbed1'),
                                                                     (2,'e85905f8-0e75-4b5a-8b9a-5bbc4465d3fe','7d9ad784-d972-4d38-b8a6-d5d81b20c35d','84832721-47b4-4a70-b53d-3869519cbed1'),
                                                                     (1,'0745defb-217f-4f93-9248-797b1f8c8e40','10112b79-176f-4579-a669-9fc1dbc2d1a6','4357cfce-cf13-4abd-967c-e7ce26aa83b3'),
                                                                     (0,'acedf7d4-2d99-44bf-9ad7-71338f70a35a','ad00993e-d212-4a25-bb70-eac5bb7f2f72','4357cfce-cf13-4abd-967c-e7ce26aa83b3'),
                                                                     (3,'38b2d1cf-e9a3-4eca-a76c-0c499b1de0d7','2a523d4e-2b29-4678-aa4b-f755bdd2bb11','4357cfce-cf13-4abd-967c-e7ce26aa83b3'),
                                                                     (1,'1fc723b4-896e-4a4d-be3b-c8cac78fa5e5','78d3bfae-a058-4729-81ff-bf57e3c16ad0','af60e534-94af-4b3f-9652-ee060330c60a'),
                                                                     (3,'bdca8bb6-34ec-430a-8162-76923ae81cc7','10112b79-176f-4579-a669-9fc1dbc2d1a6','af60e534-94af-4b3f-9652-ee060330c60a'),
                                                                     (2,'f3aeeb8b-4557-422f-8b36-1233311521f5','ad00993e-d212-4a25-bb70-eac5bb7f2f72','af60e534-94af-4b3f-9652-ee060330c60a');
INSERT INTO public.sellers (state,id,producer_id,seller_info_id) VALUES
                                                                     (0,'6a6128f2-a65e-4ac1-bd02-d0915fd82daa','ad00993e-d212-4a25-bb70-eac5bb7f2f72','ac7ba6dd-5800-4354-a8b2-8751e29e9612'),
                                                                     (0,'9f9905b6-4b10-40b6-8816-1c633f77fc54','2a523d4e-2b29-4678-aa4b-f755bdd2bb11','ac7ba6dd-5800-4354-a8b2-8751e29e9612'),
                                                                     (3,'24c5097c-4d7a-46f2-ba19-c2e643fdacca','7d9ad784-d972-4d38-b8a6-d5d81b20c35d','ac7ba6dd-5800-4354-a8b2-8751e29e9612'),
                                                                     (3,'40b854f5-a16d-4d73-957f-d5067a2bbf71','56f4a00f-2844-4fba-89db-d0c508d8b556','3c448daa-e07b-47ec-8dd0-da92db606cb4'),
                                                                     (1,'b3551497-7295-45c5-8fc8-c8d0d94e4c64','a150d2a4-c6c6-4aef-a97b-749416c28918','3c448daa-e07b-47ec-8dd0-da92db606cb4'),
                                                                     (3,'6718dd84-8959-40ae-b742-9bc2338dc6d0','c0be3498-e301-49e0-b838-c46926d03d72','3c448daa-e07b-47ec-8dd0-da92db606cb4'),
                                                                     (1,'b7e4b4e3-fa25-4b1b-a976-4b5ae7bca060','a150d2a4-c6c6-4aef-a97b-749416c28918','8add6c1c-8299-4c91-8cf6-f6350ba94b74'),
                                                                     (1,'24a9290a-effc-4692-b4dd-d1c22020fa29','c0be3498-e301-49e0-b838-c46926d03d72','8add6c1c-8299-4c91-8cf6-f6350ba94b74'),
                                                                     (3,'3ec88f2b-baff-4ac8-b9b8-52d586cb1267','78d3bfae-a058-4729-81ff-bf57e3c16ad0','8add6c1c-8299-4c91-8cf6-f6350ba94b74'),
                                                                     (3,'ca699793-807e-4c1e-a7b5-e19945139248','78d3bfae-a058-4729-81ff-bf57e3c16ad0','6b36fbee-d028-403f-9a13-eac24e2d10c4');
INSERT INTO public.sellers (state,id,producer_id,seller_info_id) VALUES
                                                                     (1,'6834a486-b7ac-482f-8f73-0ae7286df242','10112b79-176f-4579-a669-9fc1dbc2d1a6','6b36fbee-d028-403f-9a13-eac24e2d10c4'),
                                                                     (1,'22c4909a-802d-46b6-9bf3-c4a085e9e634','ad00993e-d212-4a25-bb70-eac5bb7f2f72','6b36fbee-d028-403f-9a13-eac24e2d10c4'),
                                                                     (3,'19218c75-7ec8-4b3f-ae0f-079ef8a4c5d9','a150d2a4-c6c6-4aef-a97b-749416c28918','9a9b338e-73e5-4513-a919-0aee1ffd5b14'),
                                                                     (2,'7189811f-fb92-4dcf-aea1-cb0e4e3da82c','c0be3498-e301-49e0-b838-c46926d03d72','9a9b338e-73e5-4513-a919-0aee1ffd5b14'),
                                                                     (1,'475eddc7-9bf4-462a-99e2-95478583382d','78d3bfae-a058-4729-81ff-bf57e3c16ad0','9a9b338e-73e5-4513-a919-0aee1ffd5b14'),
                                                                     (1,'bcefa5ff-fae1-42d6-9717-da100b76f004','c0be3498-e301-49e0-b838-c46926d03d72','b2800771-0a0c-43e5-b447-5d34db78f9f9'),
                                                                     (2,'0a59da3d-ef32-478a-aa61-e026040383eb','78d3bfae-a058-4729-81ff-bf57e3c16ad0','b2800771-0a0c-43e5-b447-5d34db78f9f9'),
                                                                     (2,'708a0f35-8103-491b-b663-437d5f9f5eb8','10112b79-176f-4579-a669-9fc1dbc2d1a6','b2800771-0a0c-43e5-b447-5d34db78f9f9'),
                                                                     (2,'6e2616b4-9739-426a-b78e-104c8092cb7b','7d9ad784-d972-4d38-b8a6-d5d81b20c35d','27d25059-47d6-4f07-9a80-891314efecad'),
                                                                     (1,'2c4f13c6-33a7-4e34-bdc2-e73e8538aaae','eb7f5fa9-383b-44d6-a203-ea170842490d','27d25059-47d6-4f07-9a80-891314efecad');
INSERT INTO public.sellers (state,id,producer_id,seller_info_id) VALUES
                                                                     (0,'07e8a8f6-1281-4b80-ad98-6441b115c9c9','57db1706-a406-4aea-a268-bc1c92a62827','27d25059-47d6-4f07-9a80-891314efecad'),
                                                                     (0,'2a18147b-be6a-4518-a805-9be2f503d99d','7d9ad784-d972-4d38-b8a6-d5d81b20c35d','b0221bdb-b625-4db2-8d55-468e3413af83'),
                                                                     (0,'823a60d6-7adf-4773-b795-8f25ee0313eb','eb7f5fa9-383b-44d6-a203-ea170842490d','b0221bdb-b625-4db2-8d55-468e3413af83'),
                                                                     (0,'3ef6863d-c5af-434a-b51a-a1239ea25a74','57db1706-a406-4aea-a268-bc1c92a62827','b0221bdb-b625-4db2-8d55-468e3413af83'),
                                                                     (0,'c5ec84de-1ab8-4355-afda-b8fcea72d88e','7d9ad784-d972-4d38-b8a6-d5d81b20c35d','304cce6a-025c-4af5-9d77-f68e1e02a6b0'),
                                                                     (0,'84562db5-3123-4fc2-bd17-14cd247a905e','eb7f5fa9-383b-44d6-a203-ea170842490d','304cce6a-025c-4af5-9d77-f68e1e02a6b0'),
                                                                     (3,'e16562bf-8688-44b8-92b0-1bfa2c500b43','57db1706-a406-4aea-a268-bc1c92a62827','304cce6a-025c-4af5-9d77-f68e1e02a6b0'),
                                                                     (3,'53adc816-96e0-45ea-bba5-bfec88bf6151','10112b79-176f-4579-a669-9fc1dbc2d1a6','968996ad-4f89-43e3-94c5-1dfd9dc7c167'),
                                                                     (1,'7def986d-1c5e-4220-bf8f-c8a38a915815','ad00993e-d212-4a25-bb70-eac5bb7f2f72','968996ad-4f89-43e3-94c5-1dfd9dc7c167'),
                                                                     (3,'78bb69b4-ea14-451b-84ca-ab6e1022977d','2a523d4e-2b29-4678-aa4b-f755bdd2bb11','968996ad-4f89-43e3-94c5-1dfd9dc7c167');
INSERT INTO public.sellers (state,id,producer_id,seller_info_id) VALUES
                                                                     (1,'e9f09afd-dcd1-4326-b1d1-addb59fca70f','10112b79-176f-4579-a669-9fc1dbc2d1a6','06c5f820-659b-4a2a-8961-6e6c4dff9d99'),
                                                                     (2,'6f0e6711-2099-47c5-b984-58e43b5d9d4b','ad00993e-d212-4a25-bb70-eac5bb7f2f72','06c5f820-659b-4a2a-8961-6e6c4dff9d99'),
                                                                     (2,'56ca7e69-a110-4d2e-bdc5-0f51f4460396','2a523d4e-2b29-4678-aa4b-f755bdd2bb11','06c5f820-659b-4a2a-8961-6e6c4dff9d99'),
                                                                     (0,'31056a9f-d3a7-45b3-b83c-4ada5553f90d','56f4a00f-2844-4fba-89db-d0c508d8b556','ed8f8c1d-9984-438a-877d-b34d67769506'),
                                                                     (0,'069642b0-cd7e-49af-aa9c-0eaa4bceae28','a150d2a4-c6c6-4aef-a97b-749416c28918','ed8f8c1d-9984-438a-877d-b34d67769506'),
                                                                     (0,'e3e43dd6-bc5b-4414-a894-3d8687510779','c0be3498-e301-49e0-b838-c46926d03d72','ed8f8c1d-9984-438a-877d-b34d67769506'),
                                                                     (3,'2a3f1b2c-53b4-409a-9ceb-f732563620d7','7d9ad784-d972-4d38-b8a6-d5d81b20c35d','65c26a77-c164-434d-bf5d-3778c59c3edb'),
                                                                     (1,'1dcdcc58-4886-4755-991f-52428a51b450','eb7f5fa9-383b-44d6-a203-ea170842490d','65c26a77-c164-434d-bf5d-3778c59c3edb'),
                                                                     (3,'7d9594f7-33fb-4fb6-a597-84cfe2ab8c61','57db1706-a406-4aea-a268-bc1c92a62827','65c26a77-c164-434d-bf5d-3778c59c3edb'),
                                                                     (1,'925204e0-de9d-4ae3-b827-1fe3df231619','7d9ad784-d972-4d38-b8a6-d5d81b20c35d','1bec3e74-eccb-45c4-b41a-3ff6040935d5');
INSERT INTO public.sellers (state,id,producer_id,seller_info_id) VALUES
                                                                     (2,'d0ed48a6-0349-4e84-8921-c95faef5cbd0','eb7f5fa9-383b-44d6-a203-ea170842490d','1bec3e74-eccb-45c4-b41a-3ff6040935d5'),
                                                                     (1,'e933b18c-a76a-4ac3-a72d-2a4046753fb7','57db1706-a406-4aea-a268-bc1c92a62827','1bec3e74-eccb-45c4-b41a-3ff6040935d5'),
                                                                     (3,'86e1d6f8-d1c3-49c8-ac29-cc5f59a18890','a150d2a4-c6c6-4aef-a97b-749416c28918','ea76cc50-93b0-48e7-bdcf-9999deecef6c'),
                                                                     (0,'3209b108-c7f3-48b3-910b-cb82b1aa69be','c0be3498-e301-49e0-b838-c46926d03d72','ea76cc50-93b0-48e7-bdcf-9999deecef6c'),
                                                                     (3,'4a4bf858-ab80-4016-a634-5475568ebd5a','78d3bfae-a058-4729-81ff-bf57e3c16ad0','ea76cc50-93b0-48e7-bdcf-9999deecef6c'),
                                                                     (3,'15c8c044-b399-40a0-8624-5da9ea1fbd38','c0be3498-e301-49e0-b838-c46926d03d72','ead69292-5fd3-406e-b1c3-a270412d244c'),
                                                                     (3,'8fcee3a1-df8a-487b-8a8f-1183565ff02b','78d3bfae-a058-4729-81ff-bf57e3c16ad0','ead69292-5fd3-406e-b1c3-a270412d244c'),
                                                                     (0,'86c7fc98-73aa-472f-8867-d7054017c594','10112b79-176f-4579-a669-9fc1dbc2d1a6','ead69292-5fd3-406e-b1c3-a270412d244c'),
                                                                     (3,'db619e66-e41f-4004-b37d-875019f6bebc','7d9ad784-d972-4d38-b8a6-d5d81b20c35d','f987eacd-c259-4e15-b0ac-7dfca6bc5aa1'),
                                                                     (3,'df13f180-417e-4931-ad3a-cb546797d6e4','eb7f5fa9-383b-44d6-a203-ea170842490d','f987eacd-c259-4e15-b0ac-7dfca6bc5aa1');
INSERT INTO public.sellers (state,id,producer_id,seller_info_id) VALUES
                                                                     (0,'a521972e-4048-47a2-8cd4-b149d5f2de18','57db1706-a406-4aea-a268-bc1c92a62827','f987eacd-c259-4e15-b0ac-7dfca6bc5aa1'),
                                                                     (2,'aa437d6e-3023-49e8-9ce7-4fd7553eb559','78d3bfae-a058-4729-81ff-bf57e3c16ad0','4f52cf80-0676-4f24-94ee-e8b57e93d11b'),
                                                                     (0,'f4932025-2b31-4f8e-9816-1d855b1c3e87','10112b79-176f-4579-a669-9fc1dbc2d1a6','4f52cf80-0676-4f24-94ee-e8b57e93d11b'),
                                                                     (2,'b3c9991c-6562-4854-8751-5aacabc29afd','ad00993e-d212-4a25-bb70-eac5bb7f2f72','4f52cf80-0676-4f24-94ee-e8b57e93d11b'),
                                                                     (2,'e3dfda04-7b87-49e5-8311-150240e71efa','7d9ad784-d972-4d38-b8a6-d5d81b20c35d','877f4f45-234d-4f0c-a042-8b8db0f437f3'),
                                                                     (2,'82c6fb31-1ad3-48ef-9f01-7dac416b6eb0','eb7f5fa9-383b-44d6-a203-ea170842490d','877f4f45-234d-4f0c-a042-8b8db0f437f3'),
                                                                     (1,'8e91af65-06cc-476b-88a8-9b131fa580be','57db1706-a406-4aea-a268-bc1c92a62827','877f4f45-234d-4f0c-a042-8b8db0f437f3'),
                                                                     (0,'bd6e8e57-2cec-4887-864a-39d3c9cb33ec','eb7f5fa9-383b-44d6-a203-ea170842490d','f7935d52-67f6-40f6-862c-b38e8191a2b6'),
                                                                     (1,'4eeed903-1fad-4098-84dc-6b325870485a','57db1706-a406-4aea-a268-bc1c92a62827','f7935d52-67f6-40f6-862c-b38e8191a2b6'),
                                                                     (3,'a442ced5-173e-49bf-ab10-ea8f9e105ff9','56f4a00f-2844-4fba-89db-d0c508d8b556','f7935d52-67f6-40f6-862c-b38e8191a2b6');
INSERT INTO public.sellers (state,id,producer_id,seller_info_id) VALUES
                                                                     (3,'5a73f06a-c77b-4759-a5af-bab148fdc5c5','a150d2a4-c6c6-4aef-a97b-749416c28918','12715b1c-e717-4e3a-bbbb-2062f4b3db75'),
                                                                     (2,'e557a3a1-3d21-4c98-853c-a8411ed3ac59','c0be3498-e301-49e0-b838-c46926d03d72','12715b1c-e717-4e3a-bbbb-2062f4b3db75'),
                                                                     (1,'7649645b-c7c0-4110-aa79-67f0ff6f083b','78d3bfae-a058-4729-81ff-bf57e3c16ad0','12715b1c-e717-4e3a-bbbb-2062f4b3db75'),
                                                                     (1,'ba702114-8083-4021-a687-10921f429a30','c0be3498-e301-49e0-b838-c46926d03d72','d854bc9b-939b-40e4-a757-6791915da26c'),
                                                                     (2,'0d8b01fc-682a-423b-a8de-33e924885b19','78d3bfae-a058-4729-81ff-bf57e3c16ad0','d854bc9b-939b-40e4-a757-6791915da26c'),
                                                                     (1,'41cee9ad-82da-4882-aa26-499ac77e2631','10112b79-176f-4579-a669-9fc1dbc2d1a6','d854bc9b-939b-40e4-a757-6791915da26c'),
                                                                     (3,'c1d518c8-4356-495d-bf9a-6e1c21f865ad','10112b79-176f-4579-a669-9fc1dbc2d1a6','5be9da9a-5b9b-4964-a5a5-148d182b3d15'),
                                                                     (1,'9210be26-e4c3-4b3a-a1bd-63caa332b350','ad00993e-d212-4a25-bb70-eac5bb7f2f72','5be9da9a-5b9b-4964-a5a5-148d182b3d15'),
                                                                     (1,'4f6eeba8-097c-48aa-827d-899221e7f414','2a523d4e-2b29-4678-aa4b-f755bdd2bb11','5be9da9a-5b9b-4964-a5a5-148d182b3d15'),
                                                                     (3,'ae731cb6-aa38-4b33-bc87-c9ab197e669e','56f4a00f-2844-4fba-89db-d0c508d8b556','3a489569-fc6f-4043-a628-816a0c11482e');
INSERT INTO public.sellers (state,id,producer_id,seller_info_id) VALUES
                                                                     (0,'64dbc9fe-3d09-4fb1-b025-a63ce8f5a4eb','a150d2a4-c6c6-4aef-a97b-749416c28918','3a489569-fc6f-4043-a628-816a0c11482e'),
                                                                     (1,'35fcc566-2481-40f2-b1d8-24d4e0618909','c0be3498-e301-49e0-b838-c46926d03d72','3a489569-fc6f-4043-a628-816a0c11482e'),
                                                                     (1,'c60370cf-fccd-44ec-a808-f39acc622d76','7d9ad784-d972-4d38-b8a6-d5d81b20c35d','3223bb87-b747-4f11-bebe-dce6ec17dfe9'),
                                                                     (2,'e82311ad-a5b4-476d-a3c3-d2766b413c49','eb7f5fa9-383b-44d6-a203-ea170842490d','3223bb87-b747-4f11-bebe-dce6ec17dfe9'),
                                                                     (2,'a0769032-acc5-455e-99b3-b6b042fad1ef','57db1706-a406-4aea-a268-bc1c92a62827','3223bb87-b747-4f11-bebe-dce6ec17dfe9'),
                                                                     (1,'9e312656-ce04-4afe-97fd-f72c2a4f1de9','10112b79-176f-4579-a669-9fc1dbc2d1a6','a0c215e5-4d27-44bf-8324-e00da5685c41'),
                                                                     (0,'aef9d718-4db4-49fe-9ad2-07d9e0070673','ad00993e-d212-4a25-bb70-eac5bb7f2f72','a0c215e5-4d27-44bf-8324-e00da5685c41'),
                                                                     (2,'e96efaef-85df-4575-9c81-b3e60f942373','2a523d4e-2b29-4678-aa4b-f755bdd2bb11','a0c215e5-4d27-44bf-8324-e00da5685c41'),
                                                                     (3,'e23993af-1630-4fc8-a490-2ffe98c7c4ee','a150d2a4-c6c6-4aef-a97b-749416c28918','5e55577d-4dff-46db-9b9f-d137e0a4677b'),
                                                                     (0,'b58aaaf1-20ce-4cbf-a450-6b82910b1b37','c0be3498-e301-49e0-b838-c46926d03d72','5e55577d-4dff-46db-9b9f-d137e0a4677b');
INSERT INTO public.sellers (state,id,producer_id,seller_info_id) VALUES
                                                                     (3,'bbeaedf3-de32-4985-935b-ddaf3ba3ff99','78d3bfae-a058-4729-81ff-bf57e3c16ad0','5e55577d-4dff-46db-9b9f-d137e0a4677b'),
                                                                     (2,'9c600477-4593-4689-85b7-679f078ea236','a150d2a4-c6c6-4aef-a97b-749416c28918','90285487-474c-4314-ac4e-7bc9be839a5a'),
                                                                     (1,'b50844b9-0d0f-4de2-85f0-0c26001cd869','c0be3498-e301-49e0-b838-c46926d03d72','90285487-474c-4314-ac4e-7bc9be839a5a'),
                                                                     (0,'534f0233-dc6c-415f-bb0c-0e72d9f25109','78d3bfae-a058-4729-81ff-bf57e3c16ad0','90285487-474c-4314-ac4e-7bc9be839a5a'),
                                                                     (0,'3f41df7c-e523-4cde-8d5e-3ab24b1d2608','2a523d4e-2b29-4678-aa4b-f755bdd2bb11','9c4ece2a-fb4c-45fb-bbe1-d6ef287547dd'),
                                                                     (1,'c17839d6-63da-4134-bedf-6416385dc5db','7d9ad784-d972-4d38-b8a6-d5d81b20c35d','9c4ece2a-fb4c-45fb-bbe1-d6ef287547dd'),
                                                                     (0,'6d1bb2c3-f278-43ab-a54c-1152c9e7d2da','eb7f5fa9-383b-44d6-a203-ea170842490d','9c4ece2a-fb4c-45fb-bbe1-d6ef287547dd'),
                                                                     (3,'fd0b0bdc-b939-455a-b5e6-98c4a6b177f0','ad00993e-d212-4a25-bb70-eac5bb7f2f72','304aab4c-becb-47fb-b9c9-2d71d015d98f'),
                                                                     (0,'71751121-7ae6-4155-9700-764af4041894','2a523d4e-2b29-4678-aa4b-f755bdd2bb11','304aab4c-becb-47fb-b9c9-2d71d015d98f'),
                                                                     (1,'e84159de-eb2a-4429-b0ef-2ca8f74d61cb','7d9ad784-d972-4d38-b8a6-d5d81b20c35d','304aab4c-becb-47fb-b9c9-2d71d015d98f');
INSERT INTO public.sellers (state,id,producer_id,seller_info_id) VALUES
                                                                     (0,'b792ddba-78a5-45ae-af34-c048aed85fd6','a150d2a4-c6c6-4aef-a97b-749416c28918','7c3c0e55-f339-497d-9d73-57d15eae179d'),
                                                                     (2,'f05c027f-bc46-4fef-ab60-6781c8f428c0','c0be3498-e301-49e0-b838-c46926d03d72','7c3c0e55-f339-497d-9d73-57d15eae179d'),
                                                                     (1,'3aa65b66-51b1-4928-8f94-626cf6250d84','78d3bfae-a058-4729-81ff-bf57e3c16ad0','7c3c0e55-f339-497d-9d73-57d15eae179d'),
                                                                     (0,'b95a8895-e2ff-42ba-86e7-cbe67deb28fb','c0be3498-e301-49e0-b838-c46926d03d72','387b070b-aaa3-4a3c-ade6-75871eb6ff04'),
                                                                     (3,'46dd2748-20fd-4f04-b9fe-be45aaba00ff','78d3bfae-a058-4729-81ff-bf57e3c16ad0','387b070b-aaa3-4a3c-ade6-75871eb6ff04'),
                                                                     (2,'960d8f81-81b3-4784-b378-0e4782f81450','10112b79-176f-4579-a669-9fc1dbc2d1a6','387b070b-aaa3-4a3c-ade6-75871eb6ff04'),
                                                                     (2,'c355b5e4-2595-4263-9571-7af04be42a75','56f4a00f-2844-4fba-89db-d0c508d8b556','374c19ce-15d1-427b-b3b7-93f64aff2d32'),
                                                                     (0,'6830d20d-5f31-4440-91ac-4b4540c59887','a150d2a4-c6c6-4aef-a97b-749416c28918','374c19ce-15d1-427b-b3b7-93f64aff2d32'),
                                                                     (3,'1982de41-146e-492c-b313-7279668ebf8d','c0be3498-e301-49e0-b838-c46926d03d72','374c19ce-15d1-427b-b3b7-93f64aff2d32'),
                                                                     (0,'1231a6cb-c192-498b-91b1-832b2ab4fd79','7d9ad784-d972-4d38-b8a6-d5d81b20c35d','4d0d5c94-26ef-42cb-aa03-987e05899c76');
INSERT INTO public.sellers (state,id,producer_id,seller_info_id) VALUES
                                                                     (0,'b737e4ea-ede1-4f30-a598-3733ae45aa26','eb7f5fa9-383b-44d6-a203-ea170842490d','4d0d5c94-26ef-42cb-aa03-987e05899c76'),
                                                                     (3,'1d8014ed-4043-4093-afb3-db6497fedb23','57db1706-a406-4aea-a268-bc1c92a62827','4d0d5c94-26ef-42cb-aa03-987e05899c76'),
                                                                     (0,'eb798572-0db5-4ce2-9df4-88d4fbb2e385','c0be3498-e301-49e0-b838-c46926d03d72','99589736-2768-4526-a8a8-1c1a3a61b017'),
                                                                     (1,'53fbe08a-1085-48c1-a959-94e8de8db671','78d3bfae-a058-4729-81ff-bf57e3c16ad0','99589736-2768-4526-a8a8-1c1a3a61b017'),
                                                                     (1,'d707dd60-a279-45b4-ab0b-c5c448538722','10112b79-176f-4579-a669-9fc1dbc2d1a6','99589736-2768-4526-a8a8-1c1a3a61b017'),
                                                                     (3,'3f5b0226-8a8c-4f25-9c47-a831cc2c23f2','7d9ad784-d972-4d38-b8a6-d5d81b20c35d','e29dd09f-4438-47e7-a831-8bef34a8fd67'),
                                                                     (3,'61d1b1a4-7a61-4cff-9f59-a0af6574998e','eb7f5fa9-383b-44d6-a203-ea170842490d','e29dd09f-4438-47e7-a831-8bef34a8fd67'),
                                                                     (0,'2cf5818c-6596-439c-916a-d38c5883400c','57db1706-a406-4aea-a268-bc1c92a62827','e29dd09f-4438-47e7-a831-8bef34a8fd67'),
                                                                     (3,'d43a6111-7422-4b24-bf65-59a826dd4de4','2a523d4e-2b29-4678-aa4b-f755bdd2bb11','3f3371cd-7455-4145-8773-a96e9e697a6a'),
                                                                     (3,'a692cdae-5134-4afd-aa6c-61b5ecc751da','7d9ad784-d972-4d38-b8a6-d5d81b20c35d','3f3371cd-7455-4145-8773-a96e9e697a6a');
INSERT INTO public.sellers (state,id,producer_id,seller_info_id) VALUES
                                                                     (2,'f5ab30eb-b790-4f89-8b7e-bad9adceb83f','eb7f5fa9-383b-44d6-a203-ea170842490d','3f3371cd-7455-4145-8773-a96e9e697a6a'),
                                                                     (0,'e49a6263-5140-45cb-9b09-64d31fd20304','78d3bfae-a058-4729-81ff-bf57e3c16ad0','0329b789-a36f-4b2c-b1e1-456f2437f574'),
                                                                     (3,'a6978c4a-2a43-48ae-ad2a-1c1231d1554f','10112b79-176f-4579-a669-9fc1dbc2d1a6','0329b789-a36f-4b2c-b1e1-456f2437f574'),
                                                                     (3,'f850f7b2-b272-457c-b0b6-51d1f84f8b06','ad00993e-d212-4a25-bb70-eac5bb7f2f72','0329b789-a36f-4b2c-b1e1-456f2437f574'),
                                                                     (3,'683f9c2a-d947-47c6-914d-a28fe614de70','7d9ad784-d972-4d38-b8a6-d5d81b20c35d','fd3693cb-c334-4681-a9ad-4b6b672755eb'),
                                                                     (2,'920bdb52-e07a-4682-9b68-a22af755fd4d','eb7f5fa9-383b-44d6-a203-ea170842490d','fd3693cb-c334-4681-a9ad-4b6b672755eb'),
                                                                     (0,'1e2d1e2d-493f-4955-8546-4403422ed88d','57db1706-a406-4aea-a268-bc1c92a62827','fd3693cb-c334-4681-a9ad-4b6b672755eb'),
                                                                     (1,'3b843da1-15fb-415a-83bb-d7a237c9eeed','eb7f5fa9-383b-44d6-a203-ea170842490d','578ca18c-6b1b-4d24-b670-3e0262068ba4'),
                                                                     (2,'ed8e5a66-fa86-4962-a65d-33bbd6fc0244','57db1706-a406-4aea-a268-bc1c92a62827','578ca18c-6b1b-4d24-b670-3e0262068ba4'),
                                                                     (2,'c8f489d9-83f1-4e11-841a-302307c35358','56f4a00f-2844-4fba-89db-d0c508d8b556','578ca18c-6b1b-4d24-b670-3e0262068ba4');
